,Direct Harassment corr coeff,Direct Harassment p-val,Hate Speech corr coeff,Hate Speech p-val,Others corr coeff,Others p-val,Sexual Harassment corr coeff,Sexual Harassment p-val,Toxic corr coeff,Toxic p-val,Trolling corr coeff,Trolling p-val
000 000,,,,,,,,,,,,
000 arena,,,,,,,,,,,,
002 scare,,,,,,,,,,,,
0_88 start,,,,,,,,,,,,
10 10,,,,,,,,,,,,
10 21,,,,,,,,,,,,
100 floor,,,,,,,,,,,,
100 vsm,,,,,,,,,,,,
10000th time,,,,,,,,,,,,
10000x mw,,,,,,,,,,,,
10k doc,,,,,,,,,,,,
11 million,,,,,,,,,,,,
11 scare,,,,,,,,,,,,
11 year,,,,,,,,,,,,
11k watch,,,,,,,,,,,,
12 million,,,,,,,,,,,,
120 thousand,,,,,,,,,,,,
12k pog,,,,,,,,,,,,
14 gum,,,,,,,,,,,,
15 minute,,,,,,,,,,,,
150 million,,,,,,,,,,,,
16 hater,,,,,,,,,,,,
16 weight,,,,,,,,,,,,
17 million,,,,,,,,,,,,
1993 1994,,,,,,,,,,,,
1994 blockbuster,,,,,,,,,,,,
1994 forget,,,,,,,,,,,,
1hr minimum,,,,,,,,,,,,
1mil fight,,,,,,,,,,,,
20 arena,,,,,,,,,,,,
20 million,,,,,,,,,,,,
20 second,,,,,,,,,,,,
200 billion,,,,,,,,,,,,
200 million,,,,,,,,,,,,
2020 let,,,,,,,,,,,,
2024 know,,,,,,,,,,,,
20k 20,,,,,,,,,,,,
22 arena,,,,,,,,,,,,
22 minute,0.632455532033676,0.1778078083562211,-0.316227766016838,0.5414697392755848,-0.316227766016838,0.5414697392755848,-0.316227766016838,0.5414697392755848,0.632455532033676,0.1778078083562211,-0.316227766016838,0.5414697392755848
24 million,,,,,,,,,,,,
24 miss,,,,,,,,,,,,
25 arena,,,,,,,,,,,,
25 million,,,,,,,,,,,,
250k intro,,,,,,,,,,,,
25k 25,,,,,,,,,,,,
26 million,,,,,,,,,,,,
27 billion,,,,,,,,,,,,
29 million,,,,,,,,,,,,
2k dono,,,,,,,,,,,,
2x 1993,,,,,,,,,,,,
2x arrive,,,,,,,,,,,,
2x baby,,,,,,,,,,,,
2x bring,,,,,,,,,,,,
2x champ,,,,,,,,,,,,
2x champion,,,,,,,,,,,,
2x clap,,,,,,,,,,,,
2x cuz,,,,,,,,,,,,
2x firm,,,,,,,,,,,,
2x hit,,,,,,,,,,,,
2x lookin,,,,,,,,,,,,
2x room,,,,,,,,,,,,
2x stick,,,,,,,,,,,,
2x survive,,,,,,,,,,,,
2x world,,,,,,,,,,,,
2x yayayayayaya,,,,,,,,,,,,
2x yayayayayayayayayayayayayayayaya,,,,,,,,,,,,
30 mil,,,,,,,,,,,,
30 million,,,,,,,,,,,,
300 foreign,,,,,,,,,,,,
300 mph,,,,,,,,,,,,
3000 year,,,,,,,,,,,,
3080 yesterday,,,,,,,,,,,,
3090 500,,,,,,,,,,,,
3090 scalper,,,,,,,,,,,,
30k like,,,,,,,,,,,,
31 million,,,,,,,,,,,,
33 million,,,,,,,,,,,,
360 minimum,,,,,,,,,,,,
37 inch,,,,,,,,,,,,
38 inch,,,,,,,,,,,,
3k like,,,,,,,,,,,,
40 minute,,,,,,,,,,,,
420 ice,,,,,,,,,,,,
44 buy,,,,,,,,,,,,
450k intro,,,,,,,,,,,,
4yer_cak3 hey,,,,,,,,,,,,
4yer_cake cuz,,,,,,,,,,,,
500 le,,,,,,,,,,,,
5000 firm,,,,,,,,,,,,
5000 handshake,,,,,,,,,,,,
51 dono,,,,,,,,,,,,
51 flashback,,,,,,,,,,,,
56 modem,,,,,,,,,,,,
5k like,,,,,,,,,,,,
5th time,,,,,,,,,,,,
62 inch,,,,,,,,,,,,
64 firm,,,,,,,,,,,,
64 handshake,,,,,,,,,,,,
64 love,,,,,,,,,,,,
69 nice,,,,,,,,,,,,
6900 xt,,,,,,,,,,,,
6900xt performance,,,,,,,,,,,,
700 late,,,,,,,,,,,,
720p doc,,,,,,,,,,,,
78 year,,,,,,,,,,,,
800 story,,,,,,,,,,,,
8k like,,,,,,,,,,,,
8th gear,,,,,,,,,,,,
91 beep,,,,,,,,,,,,
92 dream,,,,,,,,,,,,
93 94,,,,,,,,,,,,
94 time,,,,,,,,,,,,
_alien _alien,,,,,,,,,,,,
_alien _buffer2,,,,,,,,,,,,
_bangs _bang,,,,,,,,,,,,
_bangs _bangs,,,,,,,,,,,,
_bangs _buffer2,,,,,,,,,,,,
_better _better,,,,,,,,,,,,
_better _buffer2,,,,,,,,,,,,
_better _love,,,,,,,,,,,,
_bless _bless,,,,,,,,,,,,
_bless _buffer2,,,,,,,,,,,,
_bless _love,,,,,,,,,,,,
_bless _yaya,,,,,,,,,,,,
_buffer1 _alien,,,,,,,,,,,,
_buffer1 _better,,,,,,,,,,,,
_buffer1 _bless,,,,,,,,,,,,
_buffer1 _buffer1,,,,,,,,,,,,
_buffer1 _buffer2,,,,,,,,,,,,
_buffer1 _comb,,,,,,,,,,,,
_buffer1 _comm1,,,,,,,,,,,,
_buffer1 _giggles,,,,,,,,,,,,
_buffer1 _love,,,,,,,,,,,,
_buffer1 _pumpkin,,,,,,,,,,,,
_buffer1 _snooze,,,,,,,,,,,,
_buffer1 _warcry,,,,,,,,,,,,
_buffer1 smash,,,,,,,,,,,,
_buffer2 _buffer1,,,,,,,,,,,,
_buffer2 _buffer2,,,,,,,,,,,,
_buffer2 _comm1,,,,,,,,,,,,
_buffer2 _mrs,,,,,,,,,,,,
_buffer2 _yaya,,,,,,,,,,,,
_buffer2 aware,,,,,,,,,,,,
_buffer2 banger,,,,,,,,,,,,
_buffer2 best,,,,,,,,,,,,
_buffer2 betttttter,,,,,,,,,,,,
_buffer2 buffer1,,,,,,,,,,,,
_buffer2 dark,,,,,,,,,,,,
_buffer2 gooooo,,,,,,,,,,,,
_buffer2 jonny,,,,,,,,,,,,
_buffer2 rubberband,,,,,,,,,,,,
_buffer2 timer,,,,,,,,,,,,
_buffer2 trickle,,,,,,,,,,,,
_buffer2 vsm,,,,,,,,,,,,
_buffer2 wake,,,,,,,,,,,,
_comb _better,,,,,,,,,,,,
_comb _buffer2,,,,,,,,,,,,
_comb _comb,,,,,,,,,,,,
_comb _warcry,,,,,,,,,,,,
_comb doc,,,,,,,,,,,,
_comm1 _comm1,,,,,,,,,,,,
_comm1 _comm2,,,,,,,,,,,,
_comm2 _buffer2,,,,,,,,,,,,
_comm2 _comb,,,,,,,,,,,,
_comm2 _comm1,,,,,,,,,,,,
_comm2 _dance,,,,,,,,,,,,
_comm2 _love,,,,,,,,,,,,
_comm2 _yaya,,,,,,,,,,,,
_comm2 cc,,,,,,,,,,,,
_dance _bless,,,,,,,,,,,,
_dance _comm1,,,,,,,,,,,,
_dance _dance,,,,,,,,,,,,
_dance _love,,,,,,,,,,,,
_dance _warcry,,,,,,,,,,,,
_fired _buffer2,,,,,,,,,,,,
_fired _fire,,,,,,,,,,,,
_fired _fired,,,,,,,,,,,,
_fired _flip,,,,,,,,,,,,
_flappin _buffer2,,,,,,,,,,,,
_flappin _flappin,-0.20000000000000007,0.704,-0.20000000000000007,0.704,-0.20000000000000007,0.704,-0.20000000000000007,0.704,1.0,0.0,-0.20000000000000007,0.704
_flip _flip,,,,,,,,,,,,
_giggles _bless,,,,,,,,,,,,
_giggles _buffer2,,,,,,,,,,,,
_giggles _giggle,,,,,,,,,,,,
_giggles _giggles,,,,,,,,,,,,
_giggles _handshake,,,,,,,,,,,,
_giggles cute,,,,,,,,,,,,
_handshake 64,,,,,,,,,,,,
_handshake _buffer1,,,,,,,,,,,,
_handshake _comm1,,,,,,,,,,,,
_handshake _handshake,,,,,,,,,,,,
_handshake _love,,,,,,,,,,,,
_handshake _yaya,,,,,,,,,,,,
_handshake stone,,,,,,,,,,,,
_handshake team,,,,,,,,,,,,
_handshake time,,,,,,,,,,,,
_lambo _buffer2,,,,,,,,,,,,
_lambo _lambo,,,,,,,,,,,,
_love _alien,,,,,,,,,,,,
_love _bless,,,,,,,,,,,,
_love _buffer2,,,,,,,,,,,,
_love _comm1,,,,,,,,,,,,
_love _comm2,,,,,,,,,,,,
_love _dance,,,,,,,,,,,,
_love _handshake,,,,,,,,,,,,
_love _love,,,,,,,,,,,,
_love shout,,,,,,,,,,,,
_mrs _buffer2,,,,,,,,,,,,
_mrs _mrs,,,,,,,,,,,,
_mrs _nosedrip,,,,,,,,,,,,
_mrs _pumpkin,,,,,,,,,,,,
_mrs _spit,,,,,,,,,,,,
_nana _nana,,,,,,,,,,,,
_nana _pumpkin,,,,,,,,,,,,
_nda _nda,,,,,,,,,,,,
_nosedrip _buffer2,,,,,,,,,,,,
_nosedrip _giggle,,,,,,,,,,,,
_nosedrip _nosedrip,,,,,,,,,,,,
_nosedrip _snooze,,,,,,,,,,,,
_nosedrip _warcry,,,,,,,,,,,,
_peek _peek,,,,,,,,,,,,
_perfect _buffer1,,,,,,,,,,,,
_perfect _perfect,,,,,,,,,,,,
_perfect _pumpkin,,,,,,,,,,,,
_pudge _buffer2,,,,,,,,,,,,
_pudge _pudge,,,,,,,,,,,,
_pudge _pumpkin,,,,,,,,,,,,
_pumpkin _alien,,,,,,,,,,,,
_pumpkin _buffer2,,,,,,,,,,,,
_pumpkin _mrs,,,,,,,,,,,,
_pumpkin _pumpkin,,,,,,,,,,,,
_punk _punk,,,,,,,,,,,,
_snooze _buffer2,,,,,,,,,,,,
_snooze _snooze,,,,,,,,,,,,
_spit _buffer2,,,,,,,,,,,,
_spit _handshake,,,,,,,,,,,,
_spit _pumpkin,,,,,,,,,,,,
_spit _spit,,,,,,,,,,,,
_think _buffer2,,,,,,,,,,,,
_think _think,,,,,,,,,,,,
_warcry 64,,,,,,,,,,,,
_warcry _bless,,,,,,,,,,,,
_warcry _buffer2,,,,,,,,,,,,
_warcry _dance,,,,,,,,,,,,
_warcry _giggles,,,,,,,,,,,,
_warcry _pumpkin,,,,,,,,,,,,
_warcry _snooze,,,,,,,,,,,,
_warcry _warcry,,,,,,,,,,,,
_warcry ready,,,,,,,,,,,,
_warcry trcklle,,,,,,,,,,,,
_yaya _buffer1,,,,,,,,,,,,
_yaya _buffer2,,,,,,,,,,,,
_yaya _nosedrip,,,,,,,,,,,,
_yaya _warcry,,,,,,,,,,,,
_yaya _yaya,,,,,,,,,,,,
_yaya buckle,,,,,,,,,,,,
abduct alien,,,,,,,,,,,,
abducted alex,,,,,,,,,,,,
access card,,,,,,,,,,,,
access live,,,,,,,,,,,,
accomplish love,,,,,,,,,,,,
ace combat,,,,,,,,,,,,
acid trip,,,,,,,,,,,,
acidic goosebump,,,,,,,,,,,,
acknowledge thank,,,,,,,,,,,,
act creepy,,,,,,,,,,,,
action baby,,,,,,,,,,,,
activate rune,,,,,,,,,,,,
actor exist,,,,,,,,,,,,
actual legend,,,,,,,,,,,,
actually play,,,,,,,,,,,,
actually popcorn,,,,,,,,,,,,
actually read,,,,,,,,,,,,
actually secret,,,,,,,,,,,,
actually time,,,,,,,,,,,,
ad play,,,,,,,,,,,,
addcom bracket,,,,,,,,,,,,
addition doc,,,,,,,,,,,,
adrenaline bo2,,,,,,,,,,,,
advanced movement,,,,,,,,,,,,
advantage https,,,,,,,,,,,,
af bo2,,,,,,,,,,,,
af hahaha,,,,,,,,,,,,
agent area,,,,,,,,,,,,
ah yes,,,,,,,,,,,,
ahahaha alex,,,,,,,,,,,,
ahhhhh _snooze,,,,,,,,,,,,
ahhhhh doc,,,,,,,,,,,,
aim assist,,,,,,,,,,,,
aka cyber,,,,,,,,,,,,
aka hack,,,,,,,,,,,,
aleen raked,,,,,,,,,,,,
aleins come,,,,,,,,,,,,
alejandro mexico,,,,,,,,,,,,
alert new,,,,,,,,,,,,
alex 666,,,,,,,,,,,,
alex _bless,,,,,,,,,,,,
alex _fire,,,,,,,,,,,,
alex _punk,,,,,,,,,,,,
alex aaa,,,,,,,,,,,,
alex abduct,,,,,,,,,,,,
alex act,,,,,,,,,,,,
alex alex,,,,,,,,,,,,
alex alien,,,,,,,,,,,,
alex appear,,,,,,,,,,,,
alex balck,,,,,,,,,,,,
alex blood,,,,,,,,,,,,
alex bois,,,,,,,,,,,,
alex bring,,,,,,,,,,,,
alex bro,,,,,,,,,,,,
alex buffering,,,,,,,,,,,,
alex bury,,,,,,,,,,,,
alex buy,,,,,,,,,,,,
alex chat,,,,,,,,,,,,
alex clean,,,,,,,,,,,,
alex cmon,,,,,,,,,,,,
alex construction,,,,,,,,,,,,
alex cov19,,,,,,,,,,,,
alex dead,,,,,,,,,,,,
alex decov,,,,,,,,,,,,
alex demon,,,,,,,,,,,,
alex die,,,,,,,,,,,,
alex doc,,,,,,,,,,,,
alex fault,,,,,,,,,,,,
alex feel,,,,,,,,,,,,
alex finally,,,,,,,,,,,,
alex fix,,,,,,,,,,,,
alex forget,,,,,,,,,,,,
alex giggle,,,,,,,,,,,,
alex got,,,,,,,,,,,,
alex hang,,,,,,,,,,,,
alex hide,,,,,,,,,,,,
alex hmmmmm,,,,,,,,,,,,
alex hurry,,,,,,,,,,,,
alex jid,,,,,,,,,,,,
alex jones,,,,,,,,,,,,
alex kidnap,,,,,,,,,,,,
alex know,,,,,,,,,,,,
alex lair,,,,,,,,,,,,
alex leave,,,,,,,,,,,,
alex lex,,,,,,,,,,,,
alex lie,,,,,,,,,,,,
alex line,,,,,,,,,,,,
alex lol,,,,,,,,,,,,
alex mad,,,,,,,,,,,,
alex make,,,,,,,,,,,,
alex making,,,,,,,,,,,,
alex mia,,,,,,,,,,,,
alex million,,,,,,,,,,,,
alex miss,,,,,,,,,,,,
alex missing,,,,,,,,,,,,
alex missse,,,,,,,,,,,,
alex monkas,,,,,,,,,,,,
alex need,,,,,,,,,,,,
alex nooooooo,,,,,,,,,,,,
alex ok,,,,,,,,,,,,
alex parking,,,,,,,,,,,,
alex perform,,,,,,,,,,,,
alex phone,,,,,,,,,,,,
alex pick,,,,,,,,,,,,
alex punk,,,,,,,,,,,,
alex quit,,,,,,,,,,,,
alex raise,,,,,,,,,,,,
alex ransom,,,,,,,,,,,,
alex real,,,,,,,,,,,,
alex rip,,,,,,,,,,,,
alex rogue,,,,,,,,,,,,
alex rpg,,,,,,,,,,,,
alex run,,,,,,,,,,,,
alex safe,,,,,,,,,,,,
alex sit,,,,,,,,,,,,
alex smoke,,,,,,,,,,,,
alex son,,,,,,,,,,,,
alex stand,,,,,,,,,,,,
alex start,,,,,,,,,,,,
alex steal,,,,,,,,,,,,
alex stop,,,,,,,,,,,,
alex stuwart,,,,,,,,,,,,
alex time,,,,,,,,,,,,
alex twitch,,,,,,,,,,,,
alex wake,,,,,,,,,,,,
alex warcry,,,,,,,,,,,,
alex warn,,,,,,,,,,,,
alex way,,,,,,,,,,,,
alex wizard,,,,,,,,,,,,
alex work,,,,,,,,,,,,
alex wyaaaaa,,,,,,,,,,,,
alex year,,,,,,,,,,,,
alex yougotthis,,,,,,,,,,,,
alex youuuu,,,,,,,,,,,,
alex youuuuu,,,,,,,,,,,,
alexxxxxxxxxx nooooooooooooooo,,,,,,,,,,,,
alhamdulilaah ok,,,,,,,,,,,,
alien _alien,,,,,,,,,,,,
alien abducted,,,,,,,,,,,,
alien alex,,,,,,,,,,,,
alleyway elevator,,,,,,,,,,,,
alleyways elevator,,,,,,,,,,,,
allo ich,,,,,,,,,,,,
alm punk,,,,,,,,,,,,
alpha male,,,,,,,,,,,,
amanakodem holland,,,,,,,,,,,,
amaze stop,,,,,,,,,,,,
amazing doc,,,,,,,,,,,,
amazing ha,,,,,,,,,,,,
amazing intro,,,,,,,,,,,,
amazon com,,,,,,,,,,,,
amd gpu,,,,,,,,,,,,
amd kill,,,,,,,,,,,,
amd nividia,,,,,,,,,,,,
amd reveal,,,,,,,,,,,,
angel voice,,,,,,,,,,,,
angelical voiceeeeeeeeeee,,,,,,,,,,,,
answer dolphin,,,,,,,,,,,,
anti member,1.0,0.0,-0.20000000000000007,0.704,-0.20000000000000007,0.704,-0.20000000000000007,0.704,-0.20000000000000007,0.704,-0.20000000000000007,0.704
antoinette know,,,,,,,,,,,,
anytime future,,,,,,,,,,,,
anyways buena,,,,,,,,,,,,
apart honestly,,,,,,,,,,,,
apex legend,,,,,,,,,,,,
apex new,,,,,,,,,,,,
apex season,,,,,,,,,,,,
apex trailer,,,,,,,,,,,,
apparently people,,,,,,,,,,,,
aramai tieeeeeee,,,,,,,,,,,,
arcana investigation,,,,,,,,,,,,
architect _handshake,,,,,,,,,,,,
area 51,,,,,,,,,,,,
areaaaa bay,,,,,,,,,,,,
arena _buffer2,,,,,,,,,,,,
arena _comm1,,,,,,,,,,,,
arena _love,,,,,,,,,,,,
arena area,,,,,,,,,,,,
arena baby,,,,,,,,,,,,
arena babyyyyy,,,,,,,,,,,,
arena doc,,,,,,,,,,,,
arena fall,,,,,,,,,,,,
arena froth,,,,,,,,,,,,
arena getting,,,,,,,,,,,,
arena hot,,,,,,,,,,,,
arena incredible,,,,,,,,,,,,
arena legend,,,,,,,,,,,,
arena light,,,,,,,,,,,,
arena long,,,,,,,,,,,,
arena look,,,,,,,,,,,,
arena open,,,,,,,,,,,,
arena people,,,,,,,,,,,,
arena serve,,,,,,,,,,,,
arena strip,,,,,,,,,,,,
arena thing,,,,,,,,,,,,
arena today,,,,,,,,,,,,
arena wait,,,,,,,,,,,,
arena wide,,,,,,,,,,,,
arms _buffer2,,,,,,,,,,,,
arrive arena,,,,,,,,,,,,
asada queso,,,,,,,,,,,,
asf lol,,,,,,,,,,,,
ask bo2,,,,,,,,,,,,
assassin creed,,,,,,,,,,,,
atf cyberpunk,,,,,,,,,,,,
audio advantage,,,,,,,,,,,,
audio chop,,,,,,,,,,,,
auto tune,,,,,,,,,,,,
automatic muscle,,,,,,,,,,,,
aware buffer1,,,,,,,,,,,,
away _dance,,,,,,,,,,,,
away garage,,,,,,,,,,,,
away mexico,,,,,,,,,,,,
awesome awesome,,,,,,,,,,,,
awesome black,,,,,,,,,,,,
awesome doc,,,,,,,,,,,,
aye bo2,,,,,,,,,,,,
ayeeee 420,,,,,,,,,,,,
ayo alex,,,,,,,,,,,,
ayo let,,,,,,,,,,,,
ayyy doc,,,,,,,,,,,,
ayyyyyyyyyyyyy like,,,,,,,,,,,,
baaaby wait,,,,,,,,,,,,
baba booey,,,,,,,,,,,,
baba booeybaba,,,,,,,,,,,,
baby _handshake,,,,,,,,,,,,
baby _yaya,,,,,,,,,,,,
baby baby,,,,,,,,,,,,
baby babybabybabybaby,,,,,,,,,,,,
baby babybbabyyyyyyyyyyyyyy,,,,,,,,,,,,
baby bay,,,,,,,,,,,,
baby better,,,,,,,,,,,,
baby black,,,,,,,,,,,,
baby cc,,,,,,,,,,,,
baby elbowcough,,,,,,,,,,,,
baby feel,,,,,,,,,,,,
baby let,,,,,,,,,,,,
baby meet,-0.20000000000000007,0.704,-0.20000000000000007,0.704,-0.20000000000000007,0.704,1.0,0.0,-0.20000000000000007,0.704,-0.20000000000000007,0.704
baby pumpkin,,,,,,,,,,,,
baby yayaya,,,,,,,,,,,,
baby yayayayaya,,,,,,,,,,,,
baby yayayayayayayayaya,,,,,,,,,,,,
backwood order,,,,,,,,,,,,
bad br,,,,,,,,,,,,
bad feeling,,,,,,,,,,,,
badge anytime,,,,,,,,,,,,
bag amazing,,,,,,,,,,,,
bag incredible,,,,,,,,,,,,
bag right,,,,,,,,,,,,
balck ops,,,,,,,,,,,,
balcony guess,,,,,,,,,,,,
ball lane,,,,,,,,,,,,
ban cap,,,,,,,,,,,,
ban twitch,,,,,,,,,,,,
bandini 10000th,,,,,,,,,,,,
bandini 2x,,,,,,,,,,,,
bandini _buffer2,,,,,,,,,,,,
bandini _peek,,,,,,,,,,,,
bandini heeeeeerrrreeeeeee,,,,,,,,,,,,
bandini heeerrrrreeeeeee,,,,,,,,,,,,
bandini hw,,,,,,,,,,,,
bandini kidnap,,,,,,,,,,,,
bandini mexican,,,,,,,,,,,,
bandini think,,,,,,,,,,,,
banger buffer1,,,,,,,,,,,,
bar elevator,,,,,,,,,,,,
barbaric stop,,,,,,,,,,,,
barrel roll,,,,,,,,,,,,
base redpille,,,,,,,,,,,,
base redpilled,,,,,,,,,,,,
bat country,,,,,,,,,,,,
bats _pudge,,,,,,,,,,,,
batt mane,,,,,,,,,,,,
battlefield instead,,,,,,,,,,,,
bay areaaaa,,,,,,,,,,,,
bay areaaaaa,,,,,,,,,,,,
baybe baby,,,,,,,,,,,,
bb love,,,,,,,,,,,,
bday today,,,,,,,,,,,,
beach headsets,,,,,,,,,,,,
beat drop,,,,,,,,,,,,
beat siiiick,,,,,,,,,,,,
beat stream,,,,,,,,,,,,
beat watch,,,,,,,,,,,,
beef doc,,,,,,,,,,,,
beep stop,,,,,,,,,,,,
begins yaya,,,,,,,,,,,,
berhanu great,,,,,,,,,,,,
best cod,,,,,,,,,,,,
best intro,,,,,,,,,,,,
best man,,,,,,,,,,,,
bet mil,,,,,,,,,,,,
bet time,,,,,,,,,,,,
beta today,,,,,,,,,,,,
bete tum,,,,,,,,,,,,
better _better,,,,,,,,,,,,
better _buffer1,,,,,,,,,,,,
better _buffer2,,,,,,,,,,,,
better _think,,,,,,,,,,,,
betttttter buffer1,,,,,,,,,,,,
biden laptop,,,,,,,,,,,,
bidens laptop,,,,,,,,,,,,
big arena,,,,,,,,,,,,
big baby,,,,,,,,,,,,
big big,,,,,,,,,,,,
big brooooooooooooo,,,,,,,,,,,,
big buffer,,,,,,,,,,,,
big chat,,,,,,,,,,,,
big day,,,,,,,,,,,,
big fan,,,,,,,,,,,,
big fannnn,,,,,,,,,,,,
big matter,,,,,,,,,,,,
big washhands,,,,,,,,,,,,
billion ez,,,,,,,,,,,,
bin batt,,,,,,,,,,,,
bin spidder,,,,,,,,,,,,
bit funny,,,,,,,,,,,,
bit late,,,,,,,,,,,,
bizarre world,,,,,,,,,,,,
black blazer,,,,,,,,,,,,
black op,,,,,,,,,,,,
black ops,,,,,,,,,,,,
black slate,,,,,,,,,,,,
blade ready,,,,,,,,,,,,
blast arena,,,,,,,,,,,,
blazer love,,,,,,,,,,,,
bleed doc,,,,,,,,,,,,
bless _bless,,,,,,,,,,,,
bless _giggles,,,,,,,,,,,,
bless _mrs,,,,,,,,,,,,
bless great,,,,,,,,,,,,
blm blm,,,,,,,,,,,,
blm idiot,-0.20000000000000007,0.704,-0.20000000000000007,0.704,-0.20000000000000007,0.704,-0.20000000000000007,0.704,1.0,0.0,-0.20000000000000007,0.704
blm organization,,,,,,,,,,,,
blm poo,,,,,,,,,,,,
blm stop,,,,,,,,,,,,
block arena,,,,,,,,,,,,
blockbuster video,,,,,,,,,,,,
blops deuce,,,,,,,,,,,,
blops game,,,,,,,,,,,,
blt blm,,,,,,,,,,,,
blue dot,,,,,,,,,,,,
blue live,,,,,,,,,,,,
blue scared,,,,,,,,,,,,
blunt champion,,,,,,,,,,,,
blunt city,,,,,,,,,,,,
blunt dr,,,,,,,,,,,,
bo bo2,,,,,,,,,,,,
bo cold,,,,,,,,,,,,
bo ii,,,,,,,,,,,,
bo let,,,,,,,,,,,,
bo1 bo2,,,,,,,,,,,,
bo2 2020,,,,,,,,,,,,
bo2 action,,,,,,,,,,,,
bo2 ayyy,,,,,,,,,,,,
bo2 babby,,,,,,,,,,,,
bo2 baby,,,,,,,,,,,,
bo2 babyy,,,,,,,,,,,,
bo2 best,,,,,,,,,,,,
bo2 carrier,,,,,,,,,,,,
bo2 class,,,,,,,,,,,,
bo2 cod,,,,,,,,,,,,
bo2 day,,,,,,,,,,,,
bo2 garbage,,,,,,,,,,,,
bo2 goat,,,,,,,,,,,,
bo2 goattttttttt,,,,,,,,,,,,
bo2 good,,,,,,,,,,,,
bo2 great,,,,,,,,,,,,
bo2 guy,,,,,,,,,,,,
bo2 hype,,,,,,,,,,,,
bo2 legend,,,,,,,,,,,,
bo2 let,,,,,,,,,,,,
bo2 listen,,,,,,,,,,,,
bo2 ment,,,,,,,,,,,,
bo2 mountain,,,,,,,,,,,,
bo2 need,,,,,,,,,,,,
bo2 nice,,,,,,,,,,,,
bo2 nuketown,,,,,,,,,,,,
bo2 pc,,,,,,,,,,,,
bo2 plutonium,,,,,,,,,,,,
bo2 pogchamp,,,,,,,,,,,,
bo2 search,,,,,,,,,,,,
bo2 tournament,,,,,,,,,,,,
bo2 woooooeeeeee,,,,,,,,,,,,
bo2 ya,,,,,,,,,,,,
bo3 baby,,,,,,,,,,,,
bo3 good,,,,,,,,,,,,
bo4 bo4,,,,,,,,,,,,
bo4 poo,,,,,,,,,,,,
boda boo,,,,,,,,,,,,
body bag,,,,,,,,,,,,
boii cd,,,,,,,,,,,,
boii good,,,,,,,,,,,,
boikoo nai,,,,,,,,,,,,
booeybaba booey,,,,,,,,,,,,
book boom,,,,,,,,,,,,
boom tv,,,,,,,,,,,,
boom warcry,,,,,,,,,,,,
boomer boom,,,,,,,,,,,,
boomer boommm,,,,,,,,,,,,
boomer booooomm,,,,,,,,,,,,
boomer boooooom,,,,,,,,,,,,
booooom pudge,,,,,,,,,,,,
boots cats,,,,,,,,,,,,
bopsii warcry,,,,,,,,,,,,
bore af,,,,,,,,,,,,
bored workk,,,,,,,,,,,,
boring wednesday,,,,,,,,,,,,
bothers alex,,,,,,,,,,,,
bout hype,,,,,,,,,,,,
bout skippin,,,,,,,,,,,,
bow king,,,,,,,,,,,,
bowl fruity,,,,,,,,,,,,
bowling ball,,,,,,,,,,,,
box step,,,,,,,,,,,,
boy elevator,,,,,,,,,,,,
boy peaking,,,,,,,,,,,,
boy wait,,,,,,,,,,,,
bra new,,,,,,,,,,,,
bracket https,,,,,,,,,,,,
bread bring,,,,,,,,,,,,
break bad,,,,,,,,,,,,
break care,,,,,,,,,,,,
break member,,,,,,,,,,,,
breaking alex,,,,,,,,,,,,
bricks count,,,,,,,,,,,,
bridle blade,,,,,,,,,,,,
brill stream,,,,,,,,,,,,
bring ant,,,,,,,,,,,,
bring antoinette,,,,,,,,,,,,
bring doc,,,,,,,,,,,,
bring flashligh,,,,,,,,,,,,
bring home,,,,,,,,,,,,
bring violence,,,,,,,,,,,,
bro alex,,,,,,,,,,,,
bro bothers,,,,,,,,,,,,
bro bro,,,,,,,,,,,,
bro bros,1.0,0.0,-0.20000000000000007,0.704,-0.20000000000000007,0.704,-0.20000000000000007,0.704,-0.20000000000000007,0.704,-0.20000000000000007,0.704
bro brossss,,,,,,,,,,,,
bro brother,,,,,,,,,,,,
bro brothers,,,,,,,,,,,,
bro build,,,,,,,,,,,,
bro builder,,,,,,,,,,,,
bro come,,,,,,,,,,,,
bro fine,,,,,,,,,,,,
bro fix,,,,,,,,,,,,
bro garage,,,,,,,,,,,,
bro kidnap,,,,,,,,,,,,
bro lol,,,,,,,,,,,,
bro mic,,,,,,,,,,,,
bro ops,,,,,,,,,,,,
bro pudge,,,,,,,,,,,,
bro snooze,,,,,,,,,,,,
bro start,,,,,,,,,,,,
brofare pudge,,,,,,,,,,,,
brohh bro,,,,,,,,,,,,
broke hahaha,,,,,,,,,,,,
bros bro,,,,,,,,,,,,
bros burrie,,,,,,,,,,,,
bros invitation,,,,,,,,,,,,
bros kidnap,,,,,,,,,,,,
bros kidnapped,,,,,,,,,,,,
bros pudge,,,,,,,,,,,,
bros trash,1.0,0.0,-0.20000000000000007,0.704,-0.20000000000000007,0.704,-0.20000000000000007,0.704,-0.20000000000000007,0.704,-0.20000000000000007,0.704
brostuction bros,,,,,,,,,,,,
brother actually,,,,,,,,,,,,
brother alex,,,,,,,,,,,,
brother goofed,,,,,,,,,,,,
brother kidnapped,,,,,,,,,,,,
brother scam,,,,,,,,,,,,
brother steal,,,,,,,,,,,,
brother tool,,,,,,,,,,,,
brothers _buffer2,,,,,,,,,,,,
brothers hire,,,,,,,,,,,,
brothers kidnap,,,,,,,,,,,,
brothers kidnapped,,,,,,,,,,,,
brothers leave,,,,,,,,,,,,
bruh atf,,,,,,,,,,,,
bruh discord,,,,,,,,,,,,
bruh momento,,,,,,,,,,,,
buckle _yaya,,,,,,,,,,,,
bud light,,,,,,,,,,,,
buena tarde,,,,,,,,,,,,
buffer1 _alien,,,,,,,,,,,,
buffer1 _bangs,,,,,,,,,,,,
buffer1 _bless,,,,,,,,,,,,
buffer1 _buffer1,,,,,,,,,,,,
buffer1 _buffer2,,,,,,,,,,,,
buffer1 _comm1,,,,,,,,,,,,
buffer1 _fired,,,,,,,,,,,,
buffer1 _flappin,,,,,,,,,,,,
buffer1 _giggles,,,,,,,,,,,,
buffer1 _lambo,,,,,,,,,,,,
buffer1 _love,,,,,,,,,,,,
buffer1 _mrs,,,,,,,,,,,,
buffer1 _nosedrip,,,,,,,,,,,,
buffer1 _pudge,,,,,,,,,,,,
buffer1 _pumpkin,,,,,,,,,,,,
buffer1 _snooze,,,,,,,,,,,,
buffer1 _spit,,,,,,,,,,,,
buffer1 _think,,,,,,,,,,,,
buffer1 _warcry,,,,,,,,,,,,
buffer1 _yaya,,,,,,,,,,,,
buffer1 bandini,,,,,,,,,,,,
buffer1 bro,,,,,,,,,,,,
buffer1 buffering,,,,,,,,,,,,
buffer1 championsclub,,,,,,,,,,,,
buffer1 chills,,,,,,,,,,,,
buffer1 let,,,,,,,,,,,,
buffer1 mark,,,,,,,,,,,,
buffer1 snap,,,,,,,,,,,,
buffer1 taste,,,,,,,,,,,,
buffer1 time,,,,,,,,,,,,
buffer1 trickle,,,,,,,,,,,,
buffer1 violence,,,,,,,,,,,,
buffer1 vsm,,,,,,,,,,,,
buffer2 _buffer2,,,,,,,,,,,,
buffering _buffer2,,,,,,,,,,,,
buffering buffere,,,,,,,,,,,,
buffering buffering,,,,,,,,,,,,
bug stop,,,,,,,,,,,,
build alex,,,,,,,,,,,,
build arena,,,,,,,,,,,,
build bro,,,,,,,,,,,,
build bros,,,,,,,,,,,,
build dat,,,,,,,,,,,,
build lol,,,,,,,,,,,,
builder kidnap,,,,,,,,,,,,
bullet proof,,,,,,,,,,,,
bump elevator,,,,,,,,,,,,
bundy justice,,,,,,,,,,,,
bunker area,,,,,,,,,,,,
burner phone,,,,,,,,,,,,
burrie new,,,,,,,,,,,,
burrito carne,,,,,,,,,,,,
burritos carne,,,,,,,,,,,,
bury underneath,,,,,,,,,,,,
busy kick,,,,,,,,,,,,
button cc,,,,,,,,,,,,
button doc,,,,,,,,,,,,
button huh,,,,,,,,,,,,
buy 3090,,,,,,,,,,,,
buy burner,,,,,,,,,,,,
buy real,,,,,,,,,,,,
bye alex,,,,,,,,,,,,
cable door,,,,,,,,,,,,
cable garage,,,,,,,,,,,,
cage spamme,1.0,0.0,-0.20000000000000007,0.704,-0.20000000000000007,0.704,-0.20000000000000007,0.704,-0.20000000000000007,0.704,-0.20000000000000007,0.704
cake busy,,,,,,,,,,,,
cake stop,,,,,,,,,,,,
cap doyle,,,,,,,,,,,,
cap warn,,,,,,,,,,,,
captain alex,,,,,,,,,,,,
captain barcelona,,,,,,,,,,,,
car leave,,,,,,,,,,,,
care alex,,,,,,,,,,,,
care poc,,,,,,,,,,,,
care zombie,,,,,,,,,,,,
carne asada,,,,,,,,,,,,
carne ensalada,,,,,,,,,,,,
carpet doc,,,,,,,,,,,,
carr finish,,,,,,,,,,,,
carried usual,,,,,,,,,,,,
carrier hype,,,,,,,,,,,,
casa bandini,,,,,,,,,,,,
case charged,,,,,,,,,,,,
case hot,,,,,,,,,,,,
cash look,,,,,,,,,,,,
cast away,,,,,,,,,,,,
catch dub,,,,,,,,,,,,
cc _buffer1,,,,,,,,,,,,
cc _handshake,,,,,,,,,,,,
cc _yaya,,,,,,,,,,,,
cc buffer1,,,,,,,,,,,,
cc cc,,,,,,,,,,,,
cc chat,,,,,,,,,,,,
cc comm1,,,,,,,,,,,,
cc doc,,,,,,,,,,,,
cc feel,,,,,,,,,,,,
cc ily,,,,,,,,,,,,
cc let,,,,,,,,,,,,
cc member,,,,,,,,,,,,
cc supporter,,,,,,,,,,,,
cc today,,,,,,,,,,,,
cc wake,,,,,,,,,,,,
cc welcome,,,,,,,,,,,,
cc yaya,,,,,,,,,,,,
ccccccccccelbration time,,,,,,,,,,,,
cd prime,,,,,,,,,,,,
celebration time,,,,,,,,,,,,
cerebellum rest,,,,,,,,,,,,
chad moment,,,,,,,,,,,,
chair le,,,,,,,,,,,,
chair recommendation,,,,,,,,,,,,
chamber mortal,,,,,,,,,,,,
champ start,,,,,,,,,,,,
champ wake,,,,,,,,,,,,
champion _pudge,,,,,,,,,,,,
champion chat,,,,,,,,,,,,
champion club,,,,,,,,,,,,
champion clubb,,,,,,,,,,,,
champion let,,,,,,,,,,,,
champion message,,,,,,,,,,,,
champion today,,,,,,,,,,,,
champion upgrade,,,,,,,,,,,,
champions clib,,,,,,,,,,,,
champions club,,,,,,,,,,,,
champions let,,,,,,,,,,,,
championsclub _buffer2,,,,,,,,,,,,
championsclub gg,,,,,,,,,,,,
champoiioon club,,,,,,,,,,,,
champs _yaya,,,,,,,,,,,,
champs club,,,,,,,,,,,,
champs let,,,,,,,,,,,,
chance free,,,,,,,,,,,,
chance neve,,,,,,,,,,,,
channel race,,,,,,,,,,,,
charged tropical,,,,,,,,,,,,
chart open,,,,,,,,,,,,
chat 3k,,,,,,,,,,,,
chat alex,,,,,,,,,,,,
chat blm,-0.20000000000000007,0.704,-0.20000000000000007,0.704,-0.20000000000000007,0.704,-0.20000000000000007,0.704,1.0,0.0,-0.20000000000000007,0.704
chat bore,,,,,,,,,,,,
chat boy,,,,,,,,,,,,
chat bruh,,,,,,,,,,,,
chat cc,,,,,,,,,,,,
chat crazy,,,,,,,,,,,,
chat cringe,1.0,0.0,-0.20000000000000007,0.704,-0.20000000000000007,0.704,-0.20000000000000007,0.704,-0.20000000000000007,0.704,-0.20000000000000007,0.704
chat doc,,,,,,,,,,,,
chat docs,,,,,,,,,,,,
chat fast,,,,,,,,,,,,
chat hype,,,,,,,,,,,,
chat maybe,,,,,,,,,,,,
chat member,,,,,,,,,,,,
chat mode,,,,,,,,,,,,
chat nahhhh,,,,,,,,,,,,
chat nice,,,,,,,,,,,,
chat open,,,,,,,,,,,,
chat pls,,,,,,,,,,,,
chat wayyyyyyy,,,,,,,,,,,,
chat wow,,,,,,,,,,,,
check lambo,,,,,,,,,,,,
cheech chong,,,,,,,,,,,,
cheek boss,,,,,,,,,,,,
cheek jail,,,,,,,,,,,,
chills _buffer2,,,,,,,,,,,,
chillwdog chillwdog,,,,,,,,,,,,
chin chin,,,,,,,,,,,,
chin pui,,,,,,,,,,,,
chong code,,,,,,,,,,,,
christ doc,,,,,,,,,,,,
chubby cheek,,,,,,,,,,,,
chubby year,,,,,,,,,,,,
chutya land,,,,,,,,,,,,
ciao dall,,,,,,,,,,,,
citizen aka,,,,,,,,,,,,
city arena,,,,,,,,,,,,
city ayeeee,,,,,,,,,,,,
clap lobby,,,,,,,,,,,,
clapper downvote,,,,,,,,,,,,
class 2020,,,,,,,,,,,,
class help,,,,,,,,,,,,
class rn,,,,,,,,,,,,
clean dead,,,,,,,,,,,,
clean doc,,,,,,,,,,,,
clib _warcry,,,,,,,,,,,,
click 9it,,,,,,,,,,,,
click click,,,,,,,,,,,,
click itt,,,,,,,,,,,,
click ittttt,,,,,,,,,,,,
click like,,,,,,,,,,,,
click people,,,,,,,,,,,,
click ppl,,,,,,,,,,,,
cliiiick iiiit,,,,,,,,,,,,
clock come,,,,,,,,,,,,
clock let,,,,,,,,,,,,
clock yayayayayay,,,,,,,,,,,,
clooooose _dance,,,,,,,,,,,,
close chat,,,,,,,,,,,,
close doc,,,,,,,,,,,,
close stream,,,,,,,,,,,,
clothe maybe,,,,,,,,,,,,
clown emoji,,,,,,,,,,,,
clown flappin,1.0,0.0,-0.20000000000000007,0.704,-0.20000000000000007,0.704,-0.20000000000000007,0.704,-0.20000000000000007,0.704,-0.20000000000000007,0.704
club _handshake,,,,,,,,,,,,
club _warcry,,,,,,,,,,,,
club bro,,,,,,,,,,,,
club buffer1,,,,,,,,,,,,
club chat,,,,,,,,,,,,
club giggles,,,,,,,,,,,,
club mode,,,,,,,,,,,,
club planet,,,,,,,,,,,,
club pumpkin,,,,,,,,,,,,
club ready,,,,,,,,,,,,
club rise,,,,,,,,,,,,
club today,,,,,,,,,,,,
club welcome,,,,,,,,,,,,
cmon chat,,,,,,,,,,,,
cmon doc,,,,,,,,,,,,
cod black,,,,,,,,,,,,
cod cold,,,,,,,,,,,,
cod game,,,,,,,,,,,,
cod good,,,,,,,,,,,,
cod hand,,,,,,,,,,,,
cod squad,,,,,,,,,,,,
cod time,,,,,,,,,,,,
cod trash,,,,,,,,,,,,
code word,,,,,,,,,,,,
coffee 420,,,,,,,,,,,,
cold baby,,,,,,,,,,,,
cold backwood,,,,,,,,,,,,
cold war,,,,,,,,,,,,
collins scared,,,,,,,,,,,,
com drdisrespect,,,,,,,,,,,,
com pages,,,,,,,,,,,,
com stores,,,,,,,,,,,,
comb _comb,,,,,,,,,,,,
comb switch,,,,,,,,,,,,
combo https,,,,,,,,,,,,
come 2077,,,,,,,,,,,,
come _pumpkin,,,,,,,,,,,,
come best,,,,,,,,,,,,
come close,,,,,,,,,,,,
come come,,,,,,,,,,,,
come doc,,,,,,,,,,,,
come duty,,,,,,,,,,,,
come hsp,,,,,,,,,,,,
come man,,,,,,,,,,,,
come minute,,,,,,,,,,,,
come onnnnnnnnnn,,,,,,,,,,,,
come soon,,,,,,,,,,,,
come stop,,,,,,,,,,,,
come thanksdoc,,,,,,,,,,,,
comeback time,,,,,,,,,,,,
comm1 _comm1,,,,,,,,,,,,
comm1 _comm2,,,,,,,,,,,,
comm1 _love,,,,,,,,,,,,
command center,,,,,,,,,,,,
commandeeeeerrrr _comm1,,,,,,,,,,,,
comment unacceptable,,,,,,,,,,,,
common baby,,,,,,,,,,,,
community religion,,,,,,,,,,,,
company alex,,,,,,,,,,,,
company champ,,,,,,,,,,,,
competition world,,,,,,,,,,,,
competitive mw2,,,,,,,,,,,,
concrete slab,,,,,,,,,,,,
construction fund,,,,,,,,,,,,
constructoin company,,,,,,,,,,,,
content baby,,,,,,,,,,,,
continue week,,,,,,,,,,,,
controller dr,,,,,,,,,,,,
cool elevator,,,,,,,,,,,,
copntent cre,,,,,,,,,,,,
costume want,,,,,,,,,,,,
couch shiny,,,,,,,,,,,,
count begins,,,,,,,,,,,,
countdown baby,,,,,,,,,,,,
countdown cc,,,,,,,,,,,,
countdown clock,,,,,,,,,,,,
countdown greatness,,,,,,,,,,,,
couple set,,,,,,,,,,,,
crash 800,,,,,,,,,,,,
creative asf,,,,,,,,,,,,
creepy af,,,,,,,,,,,,
creepy locker,,,,,,,,,,,,
cuellar mistaken,,,,,,,,,,,,
cup hot,,,,,,,,,,,,
cute tall,,,,,,,,,,,,
cya alex,,,,,,,,,,,,
cyber punk,,,,,,,,,,,,
cyberpunk 2077,,,,,,,,,,,,
cyberpunk 2098,,,,,,,,,,,,
cyberpunk 3077,,,,,,,,,,,,
cyberpunk come,,,,,,,,,,,,
cyberpunk delay,,,,,,,,,,,,
cyberpunk joke,,,,,,,,,,,,
cyberpunk need,,,,,,,,,,,,
da man,,,,,,,,,,,,
da peek,,,,,,,,,,,,
daddy ask,,,,,,,,,,,,
daddy big,,,,,,,,,,,,
daddy club,,,,,,,,,,,,
daddy doc,,,,,,,,,,,,
dall italiaaaaa,,,,,,,,,,,,
dallas doooc,,,,,,,,,,,,
damik barbaric,,,,,,,,,,,,
dance _dance,,,,,,,,,,,,
dance ayyyyy,,,,,,,,,,,,
dance like,,,,,,,,,,,,
dang watch,,,,,,,,,,,,
daniel deluxe,,,,,,,,,,,,
dare peak,,,,,,,,,,,,
dare peek,,,,,,,,,,,,
dark alleyway,,,,,,,,,,,,
dark alleyways,,,,,,,,,,,,
dark house,,,,,,,,,,,,
dark street,,,,,,,,,,,,
darude sandstrom,,,,,,,,,,,,
das ist,,,,,,,,,,,,
dat stadium,,,,,,,,,,,,
dat voidwave,,,,,,,,,,,,
day anyways,,,,,,,,,,,,
day bb,,,,,,,,,,,,
day break,,,,,,,,,,,,
day doc,,,,,,,,,,,,
day lol,,,,,,,,,,,,
day start,,,,,,,,,,,,
day think,,,,,,,,,,,,
dbag start,1.0,0.0,-0.20000000000000007,0.704,-0.20000000000000007,0.704,-0.20000000000000007,0.704,-0.20000000000000007,0.704,-0.20000000000000007,0.704
ddo lol,,,,,,,,,,,,
dead body,,,,,,,,,,,,
deadlife bridle,,,,,,,,,,,,
deadspace vibe,,,,,,,,,,,,
death 24,,,,,,,,,,,,
death note,,,,,,,,,,,,
decipher rune,,,,,,,,,,,,
deep vaseline,,,,,,,,,,,,
def hypemaster,,,,,,,,,,,,
delay cyberpunk,,,,,,,,,,,,
delay giggle,,,,,,,,,,,,
delay stream,,,,,,,,,,,,
delete facebook,,,,,,,,,,,,
deliver stop,,,,,,,,,,,,
deluxe territory,,,,,,,,,,,,
demon alex,,,,,,,,,,,,
der fuhrer,,,,,,,,,,,,
destroy steam,,,,,,,,,,,,
destroy thx,,,,,,,,,,,,
deuce violence,,,,,,,,,,,,
dew game,,,,,,,,,,,,
die toy,,,,,,,,,,,,
diego casa,,,,,,,,,,,,
different worry,,,,,,,,,,,,
digitize cyberpunk,,,,,,,,,,,,
diminsion doc,,,,,,,,,,,,
dis dis,,,,,,,,,,,,
dis respect,,,,,,,,,,,,
dis track,,,,,,,,,,,,
dis vest,,,,,,,,,,,,
disassembly require,,,,,,,,,,,,
dish rezz,,,,,,,,,,,,
dislike video,1.0,0.0,-0.20000000000000007,0.704,-0.20000000000000007,0.704,-0.20000000000000007,0.704,-0.20000000000000007,0.704,-0.20000000000000007,0.704
dispekt king,,,,,,,,,,,,
disrespect ban,,,,,,,,,,,,
disrespect good,,,,,,,,,,,,
disrespect https,,,,,,,,,,,,
disrespect know,,,,,,,,,,,,
disrespect merchandise,,,,,,,,,,,,
disrespect singe,,,,,,,,,,,,
disrespect source,,,,,,,,,,,,
disrespect time,,,,,,,,,,,,
dissssss respect,,,,,,,,,,,,
distract homework,,,,,,,,,,,,
dive face,,,,,,,,,,,,
doa super,,,,,,,,,,,,
doc 2020,,,,,,,,,,,,
doc 2024,,,,,,,,,,,,
doc 2k,,,,,,,,,,,,
doc _buffer2,,,,,,,,,,,,
doc _comb,,,,,,,,,,,,
doc _giggle,,,,,,,,,,,,
doc _love,,,,,,,,,,,,
doc accomplish,,,,,,,,,,,,
doc actually,,,,,,,,,,,,
doc ahhhhh,,,,,,,,,,,,
doc alex,,,,,,,,,,,,
doc amazing,,,,,,,,,,,,
doc angery,,,,,,,,,,,,
doc arena,,,,,,,,,,,,
doc baby,,,,,,,,,,,,
doc backround,,,,,,,,,,,,
doc bandini,,,,,,,,,,,,
doc blast,,,,,,,,,,,,
doc bodybag,,,,,,,,,,,,
doc boomer,1.0,0.0,-0.20000000000000007,0.704,-0.20000000000000007,0.704,-0.20000000000000007,0.704,-0.20000000000000007,0.704,-0.20000000000000007,0.704
doc boring,,,,,,,,,,,,
doc buffer1,,,,,,,,,,,,
doc capone,,,,,,,,,,,,
doc champion,,,,,,,,,,,,
doc clock,,,,,,,,,,,,
doc come,,,,,,,,,,,,
doc comics,,,,,,,,,,,,
doc comment,,,,,,,,,,,,
doc currently,,,,,,,,,,,,
doc da,,,,,,,,,,,,
doc dallas,,,,,,,,,,,,
doc disrespect,,,,,,,,,,,,
doc doc,,,,,,,,,,,,
doc doctober,,,,,,,,,,,,
doc doctor,,,,,,,,,,,,
doc dominate,,,,,,,,,,,,
doc elevator,,,,,,,,,,,,
doc entertain,,,,,,,,,,,,
doc es,,,,,,,,,,,,
doc excuse,,,,,,,,,,,,
doc face,,,,,,,,,,,,
doc fans,,,,,,,,,,,,
doc finally,,,,,,,,,,,,
doc freddy,,,,,,,,,,,,
doc frouad,,,,,,,,,,,,
doc game,,,,,,,,,,,,
doc giggle,,,,,,,,,,,,
doc goin,,,,,,,,,,,,
doc good,,,,,,,,,,,,
doc goodvibes,,,,,,,,,,,,
doc greeting,,,,,,,,,,,,
doc handshake,,,,,,,,,,,,
doc hi,,,,,,,,,,,,
doc hilarious,,,,,,,,,,,,
doc hit,,,,,,,,,,,,
doc internet,,,,,,,,,,,,
doc intro,,,,,,,,,,,,
doc invitational,,,,,,,,,,,,
doc janitor,,,,,,,,,,,,
doc kaisa,,,,,,,,,,,,
doc kill,,,,,,,,,,,,
doc king,,,,,,,,,,,,
doc lessgoooo,,,,,,,,,,,,
doc let,,,,,,,,,,,,
doc level,,,,,,,,,,,,
doc life,,,,,,,,,,,,
doc live,,,,,,,,,,,,
doc lol,,,,,,,,,,,,
doc love,,,,,,,,,,,,
doc make,,,,,,,,,,,,
doc member,-0.20000000000000007,0.704,-0.20000000000000007,0.704,-0.20000000000000007,0.704,-0.20000000000000007,0.704,1.0,0.0,-0.20000000000000007,0.704
doc merch,,,,,,,,,,,,
doc mic,,,,,,,,,,,,
doc miss,,,,,,,,,,,,
doc music,,,,,,,,,,,,
doc need,,,,,,,,,,,,
doc negotiate,,,,,,,,,,,,
doc nooooooooo,,,,,,,,,,,,
doc oh,,,,,,,,,,,,
doc okay,,,,,,,,,,,,
doc open,,,,,,,,,,,,
doc outta,,,,,,,,,,,,
doc play,,,,,,,,,,,,
doc playin,,,,,,,,,,,,
doc pls,,,,,,,,,,,,
doc plzz,,,,,,,,,,,,
doc pubg,,,,,,,,,,,,
doc pudge,,,,,,,,,,,,
doc read,,,,,,,,,,,,
doc ready,,,,,,,,,,,,
doc remember,,,,,,,,,,,,
doc retro,,,,,,,,,,,,
doc run,,,,,,,,,,,,
doc say,,,,,,,,,,,,
doc scared,,,,,,,,,,,,
doc shouldmake,,,,,,,,,,,,
doc singlehandedly,,,,,,,,,,,,
doc skip,,,,,,,,,,,,
doc slice,,,,,,,,,,,,
doc smash,,,,,,,,,,,,
doc sound,,,,,,,,,,,,
doc streaming,,,,,,,,,,,,
doc team,,,,,,,,,,,,
doc thanksdoc,,,,,,,,,,,,
doc thicc,,,,,,,,,,,,
doc time,,,,,,,,,,,,
doc today,,,,,,,,,,,,
doc troop,,,,,,,,,,,,
doc try,,,,,,,,,,,,
doc twitch,,,,,,,,,,,,
doc ur,,,,,,,,,,,,
doc video,,,,,,,,,,,,
doc vs,,,,,,,,,,,,
doc vsm,,,,,,,,,,,,
doc wait,,,,,,,,,,,,
doc wake,,,,,,,,,,,,
doc warcry,,,,,,,,,,,,
doc warm,,,,,,,,,,,,
doc watcb,,,,,,,,,,,,
doc watch,,,,,,,,,,,,
doc way,,,,,,,,,,,,
doc weird,,,,,,,,,,,,
doc win,,,,,,,,,,,,
doc work,,,,,,,,,,,,
doc worried,,,,,,,,,,,,
doc wrap,,,,,,,,,,,,
doc wrinkle,,,,,,,,,,,,
doc yayayayayaayay,,,,,,,,,,,,
doc yayayayayayayay,,,,,,,,,,,,
doc yt,,,,,,,,,,,,
doc zero,,,,,,,,,,,,
doccc fn,,,,,,,,,,,,
doccccc gettttt,,,,,,,,,,,,
doccccccccc holla,,,,,,,,,,,,
docccccctorrrr hahahaha,,,,,,,,,,,,
dock king,,,,,,,,,,,,
dock start,,,,,,,,,,,,
docs channel,,,,,,,,,,,,
docs domain,,,,,,,,,,,,
docs life,,,,,,,,,,,,
docs losing,,,,,,,,,,,,
docs membercount,,,,,,,,,,,,
docs quest,,,,,,,,,,,,
doctober _pumpkin,,,,,,,,,,,,
doctober baby,,,,,,,,,,,,
doctober submission,,,,,,,,,,,,
doctober tell,,,,,,,,,,,,
doctor dis,,,,,,,,,,,,
doctor dish,,,,,,,,,,,,
doctor disrespectful,,,,,,,,,,,,
doctor doctor,,,,,,,,,,,,
doctor jonesing,,,,,,,,,,,,
doctor need,,,,,,,,,,,,
doctor submission,,,,,,,,,,,,
doctorrr _buffer1,,,,,,,,,,,,
dodo alex,,,,,,,,,,,,
doeshe mean,,,,,,,,,,,,
doin duo,,,,,,,,,,,,
doktor need,,,,,,,,,,,,
dominance incoming,,,,,,,,,,,,
dominate baby,,,,,,,,,,,,
dominate bo2,,,,,,,,,,,,
dominate day,,,,,,,,,,,,
dominate eh,,,,,,,,,,,,
dominate today,,,,,,,,,,,,
donate 2x,,,,,,,,,,,,
donate doc,,,,,,,,,,,,
donate money,,,,,,,,,,,,
donate stream,,,,,,,,,,,,
donation rich,,,,,,,,,,,,
dono doc,,,,,,,,,,,,
dono drdisrespect,,,,,,,,,,,,
dono hype,,,,,,,,,,,,
doom eternal,,,,,,,,,,,,
doom inspire,,,,,,,,,,,,
doooooooc wooooo,,,,,,,,,,,,
door like,,,,,,,,,,,,
dope song,,,,,,,,,,,,
dos vece,,,,,,,,,,,,
dot kilo,,,,,,,,,,,,
dothefive dothefive,,,,,,,,,,,,
doyle broke,,,,,,,,,,,,
doyle spamme,,,,,,,,,,,,
dr dis,,,,,,,,,,,,
dr disconnect,,,,,,,,,,,,
dr disinfect,,,,,,,,,,,,
dr dispecter,,,,,,,,,,,,
dr dispekt,,,,,,,,,,,,
dr disrespect,,,,,,,,,,,,
dr dr,,,,,,,,,,,,
dr drd,,,,,,,,,,,,
dr mule,,,,,,,,,,,,
dr play,,,,,,,,,,,,
dr rpg,,,,,,,,,,,,
dr sidrespect,,,,,,,,,,,,
dr stu,,,,,,,,,,,,
dr wotw3,,,,,,,,,,,,
drain ocean,,,,,,,,,,,,
drake kill,,,,,,,,,,,,
drama king,,,,,,,,,,,,
drape warcry,,,,,,,,,,,,
drd drd,,,,,,,,,,,,
drd legend,,,,,,,,,,,,
drd vs,,,,,,,,,,,,
drdisrespect let,,,,,,,,,,,,
drdisrespect love,,,,,,,,,,,,
drdisrespect op,,,,,,,,,,,,
drdisrespect tip,,,,,,,,,,,,
dream team,,,,,,,,,,,,
drink cold,,,,,,,,,,,,
drink dr,,,,,,,,,,,,
drip head,,,,,,,,,,,,
drip like,,,,,,,,,,,,
drip match,,,,,,,,,,,,
drippin vaseline,,,,,,,,,,,,
dripping success,,,,,,,,,,,,
drive car,,,,,,,,,,,,
drive diarrhea,,,,,,,,,,,,
drive lambo,,,,,,,,,,,,
driver hand,,,,,,,,,,,,
drop 51,,,,,,,,,,,,
drop dono,,,,,,,,,,,,
drop today,,,,,,,,,,,,
drywall violence,,,,,,,,,,,,
du du,,,,,,,,,,,,
du dun,,,,,,,,,,,,
du lalit,,,,,,,,,,,,
dude doc,,,,,,,,,,,,
dude leave,,,,,,,,,,,,
dude talkin,,,,,,,,,,,,
dude weird,,,,,,,,,,,,
duffel bag,,,,,,,,,,,,
duh du,,,,,,,,,,,,
dun du,,,,,,,,,,,,
dun duh,,,,,,,,,,,,
dun dun,,,,,,,,,,,,
dungeon fall,,,,,,,,,,,,
dungeon wow,,,,,,,,,,,,
duo dawk,,,,,,,,,,,,
duo doc,,,,,,,,,,,,
duo doccc,,,,,,,,,,,,
duo dr,,,,,,,,,,,,
duoooooossss doccccccccccccc,,,,,,,,,,,,
duoooooossssss docccccccc,,,,,,,,,,,,
duos dawk,,,,,,,,,,,,
duos doc,,,,,,,,,,,,
duos dooocccc,,,,,,,,,,,,
duty trash,,,,,,,,,,,,
dyatlov proud,,,,,,,,,,,,
early gang,,,,,,,,,,,,
early gym,,,,,,,,,,,,
easy win,,,,,,,,,,,,
eat _buffer1,,,,,,,,,,,,
edit bro,,,,,,,,,,,,
effort dude,,,,,,,,,,,,
el dos,,,,,,,,,,,,
elbowbump elbowbump,,,,,,,,,,,,
elbowbump sanitizer,,,,,,,,,,,,
elbowcough elbowcough,,,,,,,,,,,,
elbowcough wut,,,,,,,,,,,,
elbowcough ya,,,,,,,,,,,,
elbowcough yayayayaya,,,,,,,,,,,,
elevator bit,,,,,,,,,,,,
elevator crash,,,,,,,,,,,,
elevator doc,,,,,,,,,,,,
elevator live,,,,,,,,,,,,
elevator lol,,,,,,,,,,,,
elevator maintenance,,,,,,,,,,,,
elevator music,,,,,,,,,,,,
elevator noooooo,,,,,,,,,,,,
elevator scene,,,,,,,,,,,,
elevator song,,,,,,,,,,,,
elevator state,,,,,,,,,,,,
elevator trip,,,,,,,,,,,,
emi elevator,,,,,,,,,,,,
emoji tf,,,,,,,,,,,,
employee today,,,,,,,,,,,,
en españold,,,,,,,,,,,,
en roccat,,,,,,,,,,,,
energy drink,,,,,,,,,,,,
england love,,,,,,,,,,,,
enjoy doc,,,,,,,,,,,,
enjoy favourite,,,,,,,,,,,,
enjoy yayaya,,,,,,,,,,,,
ensalada queso,,,,,,,,,,,,
enter good,,,,,,,,,,,,
entertainer lifetime,,,,,,,,,,,,
entertaining personality,,,,,,,,,,,,
entertainment let,,,,,,,,,,,,
entertainment level,,,,,,,,,,,,
entire world,,,,,,,,,,,,
epic elevator,,,,,,,,,,,,
epic greenscreen,,,,,,,,,,,,
epic hype,,,,,,,,,,,,
equip like,,,,,,,,,,,,
es mucho,,,,,,,,,,,,
esfire mag,,,,,,,,,,,,
esquire lul,,,,,,,,,,,,
ethan fupa,,,,,,,,,,,,
ethan kidnap,,,,,,,,,,,,
ethan klein,,,,,,,,,,,,
ethernet cable,,,,,,,,,,,,
eu block,,,,,,,,,,,,
evenin cc,,,,,,,,,,,,
evening cc,,,,,,,,,,,,
evening doc,,,,,,,,,,,,
evening johnny,,,,,,,,,,,,
evening morning,,,,,,,,,,,,
everybody drop,,,,,,,,,,,,
everytime fake,,,,,,,,,,,,
ew public,0.632455532033676,0.1778078083562211,-0.316227766016838,0.5414697392755848,-0.316227766016838,0.5414697392755848,-0.316227766016838,0.5414697392755848,0.632455532033676,0.1778078083562211,-0.316227766016838,0.5414697392755848
ex ex,,,,,,,,,,,,
excite today,,,,,,,,,,,,
excited today,,,,,,,,,,,,
exist yayayayaya,,,,,,,,,,,,
expand operations,,,,,,,,,,,,
expect 100,,,,,,,,,,,,
experience precision,,,,,,,,,,,,
extra today,,,,,,,,,,,,
extra xdd,,,,,,,,,,,,
eyes barbaric,,,,,,,,,,,,
eyy bb,,,,,,,,,,,,
eyyow doc,,,,,,,,,,,,
ez win,,,,,,,,,,,,
face book,,,,,,,,,,,,
face drywall,,,,,,,,,,,,
face youtube,,,,,,,,,,,,
facebook gamer,,,,,,,,,,,,
fact mark,,,,,,,,,,,,
fake echo,,,,,,,,,,,,
fake id,,,,,,,,,,,,
fake news,,,,,,,,,,,,
fake rolex,,,,,,,,,,,,
fal trigger,,,,,,,,,,,,
fall apart,,,,,,,,,,,,
fall asleep,,,,,,,,,,,,
fall guy,,,,,,,,,,,,
fall trap,,,,,,,,,,,,
fans chubby,,,,,,,,,,,,
fantastic great,,,,,,,,,,,,
fast man,,,,,,,,,,,,
fat seagal,,,,,,,,,,,,
father presentation,,,,,,,,,,,,
favourite player,,,,,,,,,,,,
fear _buffer2,,,,,,,,,,,,
feeeeeel like,,,,,,,,,,,,
feel bad,,,,,,,,,,,,
feel competitive,,,,,,,,,,,,
feel like,,,,,,,,,,,,
feliiiiiiz navidaaad,,,,,,,,,,,,
feliiiiiiz naviiiidaaad,,,,,,,,,,,,
feliz navidad,,,,,,,,,,,,
felx time,,,,,,,,,,,,
ff champions,,,,,,,,,,,,
fiesta alex,,,,,,,,,,,,
fight bet,,,,,,,,,,,,
finally distract,,,,,,,,,,,,
finally got,,,,,,,,,,,,
finally play,,,,,,,,,,,,
finally root,,,,,,,,,,,,
finally sick,,,,,,,,,,,,
finally time,,,,,,,,,,,,
fine bro,,,,,,,,,,,,
fine night,,,,,,,,,,,,
finger deep,,,,,,,,,,,,
finish stop,,,,,,,,,,,,
fired _fired,,,,,,,,,,,,
firm handshake,,,,,,,,,,,,
firm handshakes,,,,,,,,,,,,
firm reach,,,,,,,,,,,,
fish jail,,,,,,,,,,,,
fishes cheek,,,,,,,,,,,,
fit right,,,,,,,,,,,,
fix alex,,,,,,,,,,,,
fix bro,,,,,,,,,,,,
fix camera,,,,,,,,,,,,
fix light,,,,,,,,,,,,
flabby gum,1.0,0.0,-0.20000000000000007,0.704,-0.20000000000000007,0.704,-0.20000000000000007,0.704,-0.20000000000000007,0.704,-0.20000000000000007,0.704
flap _flappin,-0.20000000000000007,0.704,-0.20000000000000007,0.704,-0.20000000000000007,0.704,-0.20000000000000007,0.704,1.0,0.0,-0.20000000000000007,0.704
flappin _flappin,1.0,0.0,-0.20000000000000007,0.704,-0.20000000000000007,0.704,-0.20000000000000007,0.704,-0.20000000000000007,0.704,-0.20000000000000007,0.704
flip _flip,,,,,,,,,,,,
flip incredible,,,,,,,,,,,,
flip phone,,,,,,,,,,,,
floor doc,,,,,,,,,,,,
floor lulw,,,,,,,,,,,,
floor walk,,,,,,,,,,,,
fly zipline,,,,,,,,,,,,
fn fal,,,,,,,,,,,,
fn love,,,,,,,,,,,,
foot 37,,,,,,,,,,,,
foreign real,,,,,,,,,,,,
forget delay,,,,,,,,,,,,
forget pay,,,,,,,,,,,,
fortnite rages,,,,,,,,,,,,
fox pump,,,,,,,,,,,,
fr bruh,,,,,,,,,,,,
frank sinatra,,,,,,,,,,,,
fre giggle,,,,,,,,,,,,
fred think,,,,,,,,,,,,
freddie mercury,,,,,,,,,,,,
freddy mercury,,,,,,,,,,,,
freddy say,,,,,,,,,,,,
free alex,,,,,,,,,,,,
free chat,,,,,,,,,,,,
free lego,,,,,,,,,,,,
free member,,,,,,,,,,,,
fricken effort,,,,,,,,,,,,
friend enter,,,,,,,,,,,,
friggin awesome,,,,,,,,,,,,
friggin mess,,,,,,,,,,,,
fro eu,,,,,,,,,,,,
froth mouth,,,,,,,,,,,,
fruity loop,,,,,,,,,,,,
fuel load,,,,,,,,,,,,
fuel official,,,,,,,,,,,,
fuel place,,,,,,,,,,,,
fund mexico,,,,,,,,,,,,
fvm game,,,,,,,,,,,,
galil day,,,,,,,,,,,,
gallllll warcry,,,,,,,,,,,,
game champion,,,,,,,,,,,,
game competition,,,,,,,,,,,,
game fuel,,,,,,,,,,,,
game powerful,,,,,,,,,,,,
game remastere,,,,,,,,,,,,
game start,,,,,,,,,,,,
game teh,,,,,,,,,,,,
game time,,,,,,,,,,,,
game topic,,,,,,,,,,,,
game uninstall,,,,,,,,,,,,
gamer entertainer,,,,,,,,,,,,
gamer yayayayayayaya,,,,,,,,,,,,
gaming chair,,,,,,,,,,,,
gaming champion,,,,,,,,,,,,
gaming channel,,,,,,,,,,,,
gaming entertainment,,,,,,,,,,,,
gaming fun,,,,,,,,,,,,
gaming official,,,,,,,,,,,,
garage build,,,,,,,,,,,,
garage comin,,,,,,,,,,,,
garage delay,,,,,,,,,,,,
garage doc,,,,,,,,,,,,
garage fyi,,,,,,,,,,,,
garage lol,,,,,,,,,,,,
garage today,,,,,,,,,,,,
garbage watch,,,,,,,,,,,,
gas station,,,,,,,,,,,,
gear lambo,,,,,,,,,,,,
genious work,,,,,,,,,,,,
gente en,,,,,,,,,,,,
gentelmen champion,,,,,,,,,,,,
getting destroy,,,,,,,,,,,,
getting start,,,,,,,,,,,,
getting warm,,,,,,,,,,,,
gettttt emmmmmm,,,,,,,,,,,,
gettttt ittttttt,,,,,,,,,,,,
gg amd,,,,,,,,,,,,
ggggoooooooo doccc,,,,,,,,,,,,
ghost come,,,,,,,,,,,,
ghost grim,,,,,,,,,,,,
ghost gro,,,,,,,,,,,,
giggles _giggle,,,,,,,,,,,,
giggles _giggles,,,,,,,,,,,,
gin haraam,,,,,,,,,,,,
gin tonic,,,,,,,,,,,,
girl like,,,,,,,,,,,,
girlfriend year,,,,,,,,,,,,
givem like,,,,,,,,,,,,
givem love,,,,,,,,,,,,
glad doc,,,,,,,,,,,,
goal champions,,,,,,,,,,,,
goat donos,,,,,,,,,,,,
gold platinum,,,,,,,,,,,,
golfcart tow,,,,,,,,,,,,
gon play,,,,,,,,,,,,
good actor,,,,,,,,,,,,
good advanced,,,,,,,,,,,,
good best,,,,,,,,,,,,
good black,,,,,,,,,,,,
good bo1,,,,,,,,,,,,
good club,,,,,,,,,,,,
good cod,,,,,,,,,,,,
good copntent,,,,,,,,,,,,
good doc,,,,,,,,,,,,
good driver,,,,,,,,,,,,
good duty,,,,,,,,,,,,
good game,,,,,,,,,,,,
good gaming,,,,,,,,,,,,
good giggle,,,,,,,,,,,,
good intro,,,,,,,,,,,,
good lol,,,,,,,,,,,,
good luck,,,,,,,,,,,,
good man,,,,,,,,,,,,
good stream,,,,,,,,,,,,
good streamer,,,,,,,,,,,,
good stremer,,,,,,,,,,,,
good video,,,,,,,,,,,,
good voice,,,,,,,,,,,,
goodbye stop,,,,,,,,,,,,
goodluck doc,,,,,,,,,,,,
goodvibes goodvibe,,,,,,,,,,,,
goodvibes goodvibes,,,,,,,,,,,,
goodvibes yougotthis,,,,,,,,,,,,
google prototype,,,,,,,,,,,,
gooo _perfect,,,,,,,,,,,,
gooo baby,,,,,,,,,,,,
gooo black,,,,,,,,,,,,
gooo cjat,,,,,,,,,,,,
goooo cc,,,,,,,,,,,,
goooo play,,,,,,,,,,,,
goooo time,,,,,,,,,,,,
gooooo bo,,,,,,,,,,,,
gooooo buffer1,,,,,,,,,,,,
goooooo babyyyyyy,,,,,,,,,,,,
goooooo cc,,,,,,,,,,,,
gooooooo baaabbbyyyy,,,,,,,,,,,,
gooooooo doc,,,,,,,,,,,,
gooooooooo doc,,,,,,,,,,,,
goooooooooo bow,,,,,,,,,,,,
goooooooooooooo doctor,,,,,,,,,,,,
goosebump drive,,,,,,,,,,,,
goro chamber,,,,,,,,,,,,
got beat,,,,,,,,,,,,
got digitize,,,,,,,,,,,,
got doctober,,,,,,,,,,,,
got kidnap,,,,,,,,,,,,
got steal,,,,,,,,,,,,
government agent,,,,,,,,,,,,
gps tracking,,,,,,,,,,,,
gpu boiiiiiiiiiii,,,,,,,,,,,,
grab snap,,,,,,,,,,,,
great day,,,,,,,,,,,,
great game,,,,,,,,,,,,
great gamer,,,,,,,,,,,,
great group,,,,,,,,,,,,
great know,,,,,,,,,,,,
great time,,,,,,,,,,,,
great work,,,,,,,,,,,,
greatest cod,,,,,,,,,,,,
greatness begin,,,,,,,,,,,,
green screen,,,,,,,,,,,,
greenscreeen background,,,,,,,,,,,,
greeting captain,,,,,,,,,,,,
gress dope,,,,,,,,,,,,
gress revizia,,,,,,,,,,,,
gress wake,,,,,,,,,,,,
grim reaper,,,,,,,,,,,,
grip real,,,,,,,,,,,,
groin muscle,,,,,,,,,,,,
group play,,,,,,,,,,,,
grunt join,,,,,,,,,,,,
gucci getting,,,,,,,,,,,,
guess chat,,,,,,,,,,,,
guess tho,,,,,,,,,,,,
gum clapper,,,,,,,,,,,,
guy fricken,,,,,,,,,,,,
guy good,,,,,,,,,,,,
guy join,,,,,,,,,,,,
guy legend,,,,,,,,,,,,
guy lol,,,,,,,,,,,,
guy relax,,,,,,,,,,,,
guy tony,,,,,,,,,,,,
guy work,,,,,,,,,,,,
gym watch,,,,,,,,,,,,
h3 alex,,,,,,,,,,,,
h3 beef,,,,,,,,,,,,
h3h3 kidnap,,,,,,,,,,,,
h3h3 update,,,,,,,,,,,,
ha ha,,,,,,,,,,,,
hack lad,,,,,,,,,,,,
hacked lobby,,,,,,,,,,,,
hahahaaa real,,,,,,,,,,,,
hai lundd,,,,,,,,,,,,
hail dr,,,,,,,,,,,,
half way,,,,,,,,,,,,
hallaw iraqi,,,,,,,,,,,,
halloween costume,,,,,,,,,,,,
hallowen theme,,,,,,,,,,,,
hand steering,,,,,,,,,,,,
hand thing,,,,,,,,,,,,
hand wheel,,,,,,,,,,,,
handshake 64,,,,,,,,,,,,
handshake _bless,,,,,,,,,,,,
handshake _handshake,,,,,,,,,,,,
handshake amsterdam,,,,,,,,,,,,
handshake cc,,,,,,,,,,,,
handshake champion,,,,,,,,,,,,
handshake handshake,,,,,,,,,,,,
handshake round,,,,,,,,,,,,
handshake sir,,,,,,,,,,,,
handshakes cc,,,,,,,,,,,,
hang comm1,,,,,,,,,,,,
hang ethernet,,,,,,,,,,,,
happen alex,,,,,,,,,,,,
happen doc,,,,,,,,,,,,
happen ur,,,,,,,,,,,,
happy baaaby,,,,,,,,,,,,
happy wednesday,,,,,,,,,,,,
hard darksynth,,,,,,,,,,,,
hard dive,,,,,,,,,,,,
hater update,,,,,,,,,,,,
haunt elevator,,,,,,,,,,,,
haunt house,,,,,,,,,,,,
haww yaya,,,,,,,,,,,,
haïti pa,,,,,,,,,,,,
head place,,,,,,,,,,,,
head tip,,,,,,,,,,,,
head tippy,,,,,,,,,,,,
headsets equip,,,,,,,,,,,,
hear angel,,,,,,,,,,,,
hear arena,,,,,,,,,,,,
hear bro,,,,,,,,,,,,
hear entire,,,,,,,,,,,,
heart pump,,,,,,,,,,,,
heavens cc,,,,,,,,,,,,
hee doc,,,,,,,,,,,,
heeerrrrreeeeeee _giggles,,,,,,,,,,,,
hello boiii,,,,,,,,,,,,
hello champions,,,,,,,,,,,,
hello chat,,,,,,,,,,,,
hello doc,,,,,,,,,,,,
hello dr,,,,,,,,,,,,
hello people,,,,,,,,,,,,
hello raul,,,,,,,,,,,,
hello world,,,,,,,,,,,,
help need,,,,,,,,,,,,
help stop,,,,,,,,,,,,
hey alexxxxxxxx,,,,,,,,,,,,
hey baby,-0.20000000000000007,0.704,-0.20000000000000007,0.704,-0.20000000000000007,0.704,1.0,0.0,-0.20000000000000007,0.704,-0.20000000000000007,0.704
hey bro,,,,,,,,,,,,
hey champ,,,,,,,,,,,,
hey doc,,,,,,,,,,,,
hey docccc,,,,,,,,,,,,
hey doccccccc,,,,,,,,,,,,
hey docccccctorrrr,,,,,,,,,,,,
hey dr,,,,,,,,,,,,
hey hey,,,,,,,,,,,,
hey hopw,,,,,,,,,,,,
hey johnny,,,,,,,,,,,,
hey man,,,,,,,,,,,,
hey notice,,,,,,,,,,,,
hey ruth,,,,,,,,,,,,
hi bro,,,,,,,,,,,,
hi bruh,,,,,,,,,,,,
hi champions,,,,,,,,,,,,
hi chat,,,,,,,,,,,,
hi dekho,,,,,,,,,,,,
hi doc,,,,,,,,,,,,
hi dr,,,,,,,,,,,,
hi guy,,,,,,,,,,,,
hi johnny,,,,,,,,,,,,
hi koffee,,,,,,,,,,,,
hi nightbot,,,,,,,,,,,,
hi sir,,,,,,,,,,,,
hide bunker,,,,,,,,,,,,
hide temple,,,,,,,,,,,,
hiii doccccc,,,,,,,,,,,,
hire alex,,,,,,,,,,,,
hit 300,,,,,,,,,,,,
hit arena,,,,,,,,,,,,
hit like,,,,,,,,,,,,
hola bae,,,,,,,,,,,,
hola gente,,,,,,,,,,,,
hold alex,,,,,,,,,,,,
hold bo2,,,,,,,,,,,,
hold legit,,,,,,,,,,,,
holla boi,,,,,,,,,,,,
home fred,,,,,,,,,,,,
honestly learn,,,,,,,,,,,,
hope alex,,,,,,,,,,,,
hope fix,,,,,,,,,,,,
hope great,,,,,,,,,,,,
hopw member,,,,,,,,,,,,
horizon zero,,,,,,,,,,,,
hot box,,,,,,,,,,,,
hot kaka,,,,,,,,,,,,
hot kakka,,,,,,,,,,,,
hotline miami,,,,,,,,,,,,
hotline miamiii,,,,,,,,,,,,
hour doc,,,,,,,,,,,,
hour let,,,,,,,,,,,,
hour long,,,,,,,,,,,,
house doc,,,,,,,,,,,,
https boom,,,,,,,,,,,,
https championsclub,,,,,,,,,,,,
https en,,,,,,,,,,,,
https scufgaming,,,,,,,,,,,,
https streamlabs,,,,,,,,,,,,
https www,,,,,,,,,,,,
huh _warcry,,,,,,,,,,,,
humble time,,,,,,,,,,,,
hurricane zeta,,,,,,,,,,,,
hurry daddy,,,,,,,,,,,,
hurry doc,,,,,,,,,,,,
hurry press,,,,,,,,,,,,
hurry set,,,,,,,,,,,,
hurry start,,,,,,,,,,,,
hurry tf,,,,,,,,,,,,
hurry yp,,,,,,,,,,,,
hype intro,,,,,,,,,,,,
hype mark,,,,,,,,,,,,
hype real,,,,,,,,,,,,
hype stream,,,,,,,,,,,,
hyped _dance,,,,,,,,,,,,
hyped buffer1,,,,,,,,,,,,
iam iraq,,,,,,,,,,,,
ice cold,,,,,,,,,,,,
ich bin,,,,,,,,,,,,
idiot flap,-0.20000000000000007,0.704,-0.20000000000000007,0.704,-0.20000000000000007,0.704,-0.20000000000000007,0.704,1.0,0.0,-0.20000000000000007,0.704
ii baby,,,,,,,,,,,,
ii read,,,,,,,,,,,,
ill 30,,,,,,,,,,,,
ill make,,,,,,,,,,,,
imagine alex,,,,,,,,,,,,
imagine break,,,,,,,,,,,,
imagine loser,1.0,0.0,-0.20000000000000007,0.704,-0.20000000000000007,0.704,-0.20000000000000007,0.704,-0.20000000000000007,0.704,-0.20000000000000007,0.704
imagine money,,,,,,,,,,,,
imdb 10,,,,,,,,,,,,
immediately dislike,1.0,0.0,-0.20000000000000007,0.704,-0.20000000000000007,0.704,-0.20000000000000007,0.704,-0.20000000000000007,0.704,-0.20000000000000007,0.704
important class,,,,,,,,,,,,
impreza fast,,,,,,,,,,,,
inch vertical,,,,,,,,,,,,
include alex,,,,,,,,,,,,
incredible architect,,,,,,,,,,,,
incredible doc,,,,,,,,,,,,
incredible intro,,,,,,,,,,,,
india 25million,,,,,,,,,,,,
infront twotime,1.0,0.0,-0.20000000000000007,0.704,-0.20000000000000007,0.704,-0.20000000000000007,0.704,-0.20000000000000007,0.704,-0.20000000000000007,0.704
ini kali,,,,,,,,,,,,
internet issue,,,,,,,,,,,,
intro 450k,,,,,,,,,,,,
intro addition,,,,,,,,,,,,
intro eve,,,,,,,,,,,,
intro game,,,,,,,,,,,,
intro genious,,,,,,,,,,,,
intro good,,,,,,,,,,,,
intro intro,,,,,,,,,,,,
intro lol,,,,,,,,,,,,
intro music,,,,,,,,,,,,
intro song,,,,,,,,,,,,
intro stream,,,,,,,,,,,,
intro work,,,,,,,,,,,,
invitational tourney,,,,,,,,,,,,
ist meine,,,,,,,,,,,,
italiaaaaa yu,,,,,,,,,,,,
italian bmt,,,,,,,,,,,,
jagerbombomb twitch,,,,,,,,,,,,
jajajaj amazing,,,,,,,,,,,,
jajajajajajajajajajaa echooooo,,,,,,,,,,,,
jam hype,,,,,,,,,,,,
jamie jre,,,,,,,,,,,,
janni bandini,,,,,,,,,,,,
jaw acid,,,,,,,,,,,,
jaw line,,,,,,,,,,,,
jeez louis,,,,,,,,,,,,
jenova ff7,,,,,,,,,,,,
jes let,,,,,,,,,,,,
jesus chat,,,,,,,,,,,,
jesus christ,,,,,,,,,,,,
jhony boy,,,,,,,,,,,,
jid body,,,,,,,,,,,,
job doc,,,,,,,,,,,,
job excuse,,,,,,,,,,,,
job lambo,,,,,,,,,,,,
joe rogan,,,,,,,,,,,,
johhny mandini,,,,,,,,,,,,
johnny badini,,,,,,,,,,,,
johnny bandhini,,,,,,,,,,,,
johnny bandini,,,,,,,,,,,,
johnny bandinii,,,,,,,,,,,,
johnny bandiniii,,,,,,,,,,,,
johnny bo,,,,,,,,,,,,
johnny boi,,,,,,,,,,,,
johnny boy,,,,,,,,,,,,
johnny firm,,,,,,,,,,,,
johnny mandini,,,,,,,,,,,,
johnny need,,,,,,,,,,,,
johnny sound,,,,,,,,,,,,
johnny van,,,,,,,,,,,,
johny bandini,,,,,,,,,,,,
join 420,,,,,,,,,,,,
join cc,,,,,,,,,,,,
join champion,,,,,,,,,,,,
join champions,,,,,,,,,,,,
join champs,,,,,,,,,,,,
join doc,,,,,,,,,,,,
join team,,,,,,,,,,,,
joint smoke,,,,,,,,,,,,
joker hai,,,,,,,,,,,,
joker return,,,,,,,,,,,,
jon jones,,,,,,,,,,,,
jones alien,,,,,,,,,,,,
jones second,,,,,,,,,,,,
jonny bandini,,,,,,,,,,,,
jonny boi,,,,,,,,,,,,
jonny make,,,,,,,,,,,,
jonny news,,,,,,,,,,,,
jony boy,,,,,,,,,,,,
jose berhanu,,,,,,,,,,,,
jre alex,,,,,,,,,,,,
jre podcast,,,,,,,,,,,,
judgement stop,,,,,,,,,,,,
jump balcony,,,,,,,,,,,,
jump scare,,,,,,,,,,,,
jumpscare rip,,,,,,,,,,,,
justice deliver,,,,,,,,,,,,
jw comm1,,,,,,,,,,,,
kain mouse,,,,,,,,,,,,
kaka morning,,,,,,,,,,,,
kaka right,,,,,,,,,,,,
kakka today,,,,,,,,,,,,
kali la,,,,,,,,,,,,
karate pant,,,,,,,,,,,,
kazeka8 stage,,,,,,,,,,,,
kbg alax,,,,,,,,,,,,
keeeng richard,,,,,,,,,,,,
keyboard kain,,,,,,,,,,,,
khabibs retirement,,,,,,,,,,,,
ki want,,,,,,,,,,,,
kick 8th,,,,,,,,,,,,
kick amd,,,,,,,,,,,,
kick open,,,,,,,,,,,,
kidnap alex,,,,,,,,,,,,
kidnap alien,,,,,,,,,,,,
kidnap lexx,,,,,,,,,,,,
kidnap van,,,,,,,,,,,,
kidnapped alex,,,,,,,,,,,,
kill alex,,,,,,,,,,,,
kill captain,,,,,,,,,,,,
kill dog,,,,,,,,,,,,
kill everytime,,,,,,,,,,,,
kill nvidia,,,,,,,,,,,,
kind bizarre,,,,,,,,,,,,
kind music,,,,,,,,,,,,
king simps,,,,,,,,,,,,
kingrichard clap,,,,,,,,,,,,
klein alex,,,,,,,,,,,,
kn 94,,,,,,,,,,,,
knock park,,,,,,,,,,,,
know alex,,,,,,,,,,,,
know black,,,,,,,,,,,,
know dr,,,,,,,,,,,,
know kind,,,,,,,,,,,,
know let,,,,,,,,,,,,
know read,,,,,,,,,,,,
know say,,,,,,,,,,,,
know sub,,,,,,,,,,,,
know ta,,,,,,,,,,,,
kto pl,,,,,,,,,,,,
kudo creator,,,,,,,,,,,,
kya timepass,,,,,,,,,,,,
la caassaaa,,,,,,,,,,,,
la hahaahah,,,,,,,,,,,,
laides gentelmen,,,,,,,,,,,,
lambo _lambo,,,,,,,,,,,,
lambo dr,,,,,,,,,,,,
lambo got,,,,,,,,,,,,
lambo litty,,,,,,,,,,,,
lambo sweat,,,,,,,,,,,,
lamborghini garuda,,,,,,,,,,,,
lamborgini elbowcough,,,,,,,,,,,,
lane fast,,,,,,,,,,,,
lane stain,,,,,,,,,,,,
laptop matter,,,,,,,,,,,,
laptop matterz,,,,,,,,,,,,
late doc,,,,,,,,,,,,
late early,,,,,,,,,,,,
late op,,,,,,,,,,,,
laugh yt,,,,,,,,,,,,
layer cake,,,,,,,,,,,,
lazerpunk power,,,,,,,,,,,,
le expensive,,,,,,,,,,,,
le goooooooooooooooo,,,,,,,,,,,,
le money,,,,,,,,,,,,
le price,,,,,,,,,,,,
le yayayayaya,,,,,,,,,,,,
leap drip,,,,,,,,,,,,
learn read,,,,,,,,,,,,
leatherface alex,,,,,,,,,,,,
leave arena,,,,,,,,,,,,
leave chat,,,,,,,,,,,,
leave floor,,,,,,,,,,,,
leave hang,,,,,,,,,,,,
leave locker,,,,,,,,,,,,
leave tho,,,,,,,,,,,,
leave tire,,,,,,,,,,,,
leave tree,,,,,,,,,,,,
leave union,,,,,,,,,,,,
leave window,,,,,,,,,,,,
leeeetttttts goooooo,,,,,,,,,,,,
leg d4y,,,,,,,,,,,,
leg day,,,,,,,,,,,,
legend cc,,,,,,,,,,,,
legend disrespect,,,,,,,,,,,,
legend hide,,,,,,,,,,,,
legend music,,,,,,,,,,,,
legend season,,,,,,,,,,,,
legend word,,,,,,,,,,,,
legendary 2x,,,,,,,,,,,,
legendary team,,,,,,,,,,,,
legit watching,,,,,,,,,,,,
lego bricks,,,,,,,,,,,,
lego news,,,,,,,,,,,,
les bo2,,,,,,,,,,,,
les gooo,,,,,,,,,,,,
lessss ggggoooooooo,,,,,,,,,,,,
let 2x,,,,,,,,,,,,
let 8k,,,,,,,,,,,,
let _buffer1,,,,,,,,,,,,
let actually,,,,,,,,,,,,
let babe,,,,,,,,,,,,
let baby,,,,,,,,,,,,
let beat,,,,,,,,,,,,
let beyblade,,,,,,,,,,,,
let big,,,,,,,,,,,,
let buffer1,,,,,,,,,,,,
let cc,,,,,,,,,,,,
let champ,,,,,,,,,,,,
let champion,,,,,,,,,,,,
let champs,,,,,,,,,,,,
let check,,,,,,,,,,,,
let continue,,,,,,,,,,,,
let countdown,,,,,,,,,,,,
let crossplay,,,,,,,,,,,,
let doc,,,,,,,,,,,,
let gettttt,,,,,,,,,,,,
let gioo,,,,,,,,,,,,
let goo,,,,,,,,,,,,
let gooo,,,,,,,,,,,,
let goooo,,,,,,,,,,,,
let gooooo,,,,,,,,,,,,
let goooooo,,,,,,,,,,,,
let gooooooo,,,,,,,,,,,,
let goooooooo,,,,,,,,,,,,
let gooooooooo,,,,,,,,,,,,
let goooooooooo,,,,,,,,,,,,
let gooooooooooo,,,,,,,,,,,,
let goooooooooooooo,,,,,,,,,,,,
let gooooooooooooooo,,,,,,,,,,,,
let goooooooooooooooooo,,,,,,,,,,,,
let goooooooooooooooooooooooooooooo,,,,,,,,,,,,
let happen,,,,,,,,,,,,
let involved,,,,,,,,,,,,
let knock,,,,,,,,,,,,
let know,,,,,,,,,,,,
let let,,,,,,,,,,,,
let light,,,,,,,,,,,,
let make,,,,,,,,,,,,
let oh,,,,,,,,,,,,
let pump,,,,,,,,,,,,
let pumped,,,,,,,,,,,,
let rack,,,,,,,,,,,,
let rock,,,,,,,,,,,,
let rollo,,,,,,,,,,,,
let sean,,,,,,,,,,,,
let shoot,,,,,,,,,,,,
let ss,,,,,,,,,,,,
let start,,,,,,,,,,,,
let stink,,,,,,,,,,,,
let today,,,,,,,,,,,,
let vice,,,,,,,,,,,,
let wake,,,,,,,,,,,,
let win,,,,,,,,,,,,
let yayayayayayaya,,,,,,,,,,,,
let yayayayayayayayayaayyay,,,,,,,,,,,,
let yayayyayayaya,,,,,,,,,,,,
letsss goooo,,,,,,,,,,,,
letsssss gooooooo,,,,,,,,,,,,
letsssssss gooooooo,,,,,,,,,,,,
letter clue,,,,,,,,,,,,
level production,,,,,,,,,,,,
level streaming,,,,,,,,,,,,
lex bro,,,,,,,,,,,,
lex ex,,,,,,,,,,,,
lex lex,,,,,,,,,,,,
lex661 alexxxxxxxx,,,,,,,,,,,,
lex661 buffer1,,,,,,,,,,,,
lie floor,,,,,,,,,,,,
life matter,,,,,,,,,,,,
lifetime dr,,,,,,,,,,,,
light ligh,,,,,,,,,,,,
light lounge,,,,,,,,,,,,
light todayyy,,,,,,,,,,,,
like 15,,,,,,,,,,,,
like 2x,,,,,,,,,,,,
like boomer,,,,,,,,,,,,
like button,,,,,,,,,,,,
like champ,,,,,,,,,,,,
like click,,,,,,,,,,,,
like delay,,,,,,,,,,,,
like dis,,,,,,,,,,,,
like doc,,,,,,,,,,,,
like doom,,,,,,,,,,,,
like feel,,,,,,,,,,,,
like fox,,,,,,,,,,,,
like freak,,,,,,,,,,,,
like gress,,,,,,,,,,,,
like intro,,,,,,,,,,,,
like jenova,,,,,,,,,,,,
like legendary,,,,,,,,,,,,
like like,,,,,,,,,,,,
like lol,,,,,,,,,,,,
like lounge,,,,,,,,,,,,
like love,,,,,,,,,,,,
like mind,,,,,,,,,,,,
like pickle,,,,,,,,,,,,
like real,,,,,,,,,,,,
like rocket,,,,,,,,,,,,
like shroud,,,,,,,,,,,,
like smoove,,,,,,,,,,,,
like stream,,,,,,,,,,,,
like time,,,,,,,,,,,,
like twitch,,,,,,,,,,,,
like video,,,,,,,,,,,,
like videooooooooooooo,,,,,,,,,,,,
like year,,,,,,,,,,,,
like yesterday,,,,,,,,,,,,
likes cmon,,,,,,,,,,,,
likie roll,,,,,,,,,,,,
lily valley,,,,,,,,,,,,
link goodbye,,,,,,,,,,,,
link playlist,,,,,,,,,,,,
link work,,,,,,,,,,,,
listen doc,,,,,,,,,,,,
listen watch,,,,,,,,,,,,
lit edit,,,,,,,,,,,,
little know,,,,,,,,,,,,
little old,,,,,,,,,,,,
litty lit,,,,,,,,,,,,
live 22,0.632455532033676,0.1778078083562211,-0.316227766016838,0.5414697392755848,-0.316227766016838,0.5414697392755848,-0.316227766016838,0.5414697392755848,0.632455532033676,0.1778078083562211,-0.316227766016838,0.5414697392755848
live chat,,,,,,,,,,,,
live hour,,,,,,,,,,,,
live matter,,,,,,,,,,,,
live oklahoma,,,,,,,,,,,,
live stream,,,,,,,,,,,,
lives matter,,,,,,,,,,,,
living legend,,,,,,,,,,,,
load ready,,,,,,,,,,,,
lobby time,,,,,,,,,,,,
lock arena,,,,,,,,,,,,
lock door,,,,,,,,,,,,
lock lambo,,,,,,,,,,,,
locker nice,,,,,,,,,,,,
locker number,,,,,,,,,,,,
locker room,,,,,,,,,,,,
lodoo laleet,,,,,,,,,,,,
lodoo lolot,,,,,,,,,,,,
lodu laleet,,,,,,,,,,,,
lodu lalit,,,,,,,,,,,,
lodu lolot,,,,,,,,,,,,
lol 12k,,,,,,,,,,,,
lol alex,,,,,,,,,,,,
lol doc,,,,,,,,,,,,
lol dr,,,,,,,,,,,,
lol kiddo,,,,,,,,,,,,
lol lol,,,,,,,,,,,,
lol music,,,,,,,,,,,,
lol scream,,,,,,,,,,,,
lol wait,,,,,,,,,,,,
long intro,,,,,,,,,,,,
long start,,,,,,,,,,,,
long starting,,,,,,,,,,,,
long til,,,,,,,,,,,,
long time,,,,,,,,,,,,
look alex,,,,,,,,,,,,
look arms,,,,,,,,,,,,
look box,,,,,,,,,,,,
look cute,,,,,,,,,,,,
look extra,,,,,,,,,,,,
look incredible,,,,,,,,,,,,
look jaw,,,,,,,,,,,,
look like,,,,,,,,,,,,
look likie,,,,,,,,,,,,
look state,,,,,,,,,,,,
lookin sharp,,,,,,,,,,,,
looove goodvibe,,,,,,,,,,,,
loser immediately,1.0,0.0,-0.20000000000000007,0.704,-0.20000000000000007,0.704,-0.20000000000000007,0.704,-0.20000000000000007,0.704,-0.20000000000000007,0.704
losing rounnd,,,,,,,,,,,,
lot gucci,,,,,,,,,,,,
lounge elevator,,,,,,,,,,,,
love 2nite,,,,,,,,,,,,
love _buffer2,,,,,,,,,,,,
love _love,,,,,,,,,,,,
love _yaya,,,,,,,,,,,,
love alex,,,,,,,,,,,,
love arena,,,,,,,,,,,,
love black,,,,,,,,,,,,
love bump,,,,,,,,,,,,
love club,,,,,,,,,,,,
love daddy,,,,,,,,,,,,
love dis,,,,,,,,,,,,
love doc,,,,,,,,,,,,
love doctor,,,,,,,,,,,,
love dr,,,,,,,,,,,,
love entertaining,,,,,,,,,,,,
love ill,,,,,,,,,,,,
love jonny,,,,,,,,,,,,
love lol,,,,,,,,,,,,
love member,,,,,,,,,,,,
love new,,,,,,,,,,,,
love outfit,,,,,,,,,,,,
love rage,,,,,,,,,,,,
love think,,,,,,,,,,,,
love tonighttttttt,,,,,,,,,,,,
love uuu,,,,,,,,,,,,
love video,,,,,,,,,,,,
love watch,,,,,,,,,,,,
love ya,,,,,,,,,,,,
love zfam,,,,,,,,,,,,
loved intro,,,,,,,,,,,,
loveee raauuuuullllllll,,,,,,,,,,,,
low spec,,,,,,,,,,,,
luck doc,,,,,,,,,,,,
lul lul,,,,,,,,,,,,
lund hi,,,,,,,,,,,,
mad amd,,,,,,,,,,,,
mad respect,,,,,,,,,,,,
maintenance crew,,,,,,,,,,,,
make alex,,,,,,,,,,,,
make bleed,,,,,,,,,,,,
make comfyyyy,,,,,,,,,,,,
make donation,,,,,,,,,,,,
make fake,,,,,,,,,,,,
make gaming,,,,,,,,,,,,
make happy,,,,,,,,,,,,
make member,,,,,,,,,,,,
make remember,,,,,,,,,,,,
make sick,,,,,,,,,,,,
make solid,,,,,,,,,,,,
make sooo,,,,,,,,,,,,
make turn,,,,,,,,,,,,
make understand,,,,,,,,,,,,
making varsity,,,,,,,,,,,,
male energy,,,,,,,,,,,,
man doctor,,,,,,,,,,,,
man donate,,,,,,,,,,,,
man dr,,,,,,,,,,,,
man geet,,,,,,,,,,,,
man great,,,,,,,,,,,,
man know,,,,,,,,,,,,
man love,,,,,,,,,,,,
man mon,,,,,,,,,,,,
man msi,,,,,,,,,,,,
man myth,,,,,,,,,,,,
man random,1.0,0.0,-0.20000000000000007,0.704,-0.20000000000000007,0.704,-0.20000000000000007,0.704,-0.20000000000000007,0.704,-0.20000000000000007,0.704
man richhhhhhhhhhhhhhhhh,,,,,,,,,,,,
man way,,,,,,,,,,,,
man wow,,,,,,,,,,,,
man yaya,,,,,,,,,,,,
mark _buffer2,,,,,,,,,,,,
mark owens,1.0,0.0,-0.20000000000000007,0.704,-0.20000000000000007,0.704,-0.20000000000000007,0.704,-0.20000000000000007,0.704,-0.20000000000000007,0.704
mark owensss,,,,,,,,,,,,
mark say,,,,,,,,,,,,
mash like,,,,,,,,,,,,
match like,,,,,,,,,,,,
matter time,,,,,,,,,,,,
maybe https,,,,,,,,,,,,
maybe include,,,,,,,,,,,,
maybe people,,,,,,,,,,,,
maybe time,,,,,,,,,,,,
mean black,,,,,,,,,,,,
mean night,,,,,,,,,,,,
mean old,,,,,,,,,,,,
meet bedroom,-0.20000000000000007,0.704,-0.20000000000000007,0.704,-0.20000000000000007,0.704,1.0,0.0,-0.20000000000000007,0.704,-0.20000000000000007,0.704
meet doc,,,,,,,,,,,,
meine doctor,,,,,,,,,,,,
member alex,,,,,,,,,,,,
member babe,,,,,,,,,,,,
member badge,,,,,,,,,,,,
member cc,,,,,,,,,,,,
member chat,0.7745966692414834,0.07048399691021993,-0.3098386676965934,0.5501142545045465,-0.3098386676965934,0.5501142545045465,-0.3098386676965934,0.5501142545045465,0.46475800154489,0.3530568618495133,-0.3098386676965934,0.5501142545045465
member chattte,,,,,,,,,,,,
member club,,,,,,,,,,,,
member daddy,,,,,,,,,,,,
member doc,,,,,,,,,,,,
member fro,,,,,,,,,,,,
member hearts,,,,,,,,,,,,
member mad,,,,,,,,,,,,
member man,1.0,0.0,-0.20000000000000007,0.704,-0.20000000000000007,0.704,-0.20000000000000007,0.704,-0.20000000000000007,0.704,-0.20000000000000007,0.704
member mode,,,,,,,,,,,,
member mods,,,,,,,,,,,,
member want,1.0,0.0,-0.20000000000000007,0.704,-0.20000000000000007,0.704,-0.20000000000000007,0.704,-0.20000000000000007,0.704,-0.20000000000000007,0.704
member word,,,,,,,,,,,,
member yaya,,,,,,,,,,,,
members _giggles,,,,,,,,,,,,
memeber chat,,,,,,,,,,,,
merch sell,,,,,,,,,,,,
merchandise https,,,,,,,,,,,,
mercury friend,,,,,,,,,,,,
mercury vocal,,,,,,,,,,,,
mess alex,,,,,,,,,,,,
mess doc,,,,,,,,,,,,
message chat,,,,,,,,,,,,
message hear,,,,,,,,,,,,
meta bo2,,,,,,,,,,,,
metal people,,,,,,,,,,,,
mexican restaurant,,,,,,,,,,,,
mf er,,,,,,,,,,,,
mia area,,,,,,,,,,,,
miami pog,,,,,,,,,,,,
mic alittle,,,,,,,,,,,,
mic break,,,,,,,,,,,,
mic breaking,,,,,,,,,,,,
mic clip,,,,,,,,,,,,
mic cut,,,,,,,,,,,,
mic hot,,,,,,,,,,,,
mic quality,,,,,,,,,,,,
michelin pilot,,,,,,,,,,,,
mighty humble,,,,,,,,,,,,
military live,,,,,,,,,,,,
million alex,,,,,,,,,,,,
million arena,,,,,,,,,,,,
million dollar,,,,,,,,,,,,
million intro,,,,,,,,,,,,
million million,,,,,,,,,,,,
million pour,,,,,,,,,,,,
milly arena,,,,,,,,,,,,
mind champs,,,,,,,,,,,,
mind flip,,,,,,,,,,,,
mind monday,,,,,,,,,,,,
minimum 5k,,,,,,,,,,,,
minute bois,,,,,,,,,,,,
minute intro,,,,,,,,,,,,
minute leave,,,,,,,,,,,,
minute start,0.632455532033676,0.1778078083562211,-0.316227766016838,0.5414697392755848,-0.316227766016838,0.5414697392755848,-0.316227766016838,0.5414697392755848,0.632455532033676,0.1778078083562211,-0.316227766016838,0.5414697392755848
miss alex,,,,,,,,,,,,
miss black,,,,,,,,,,,,
miss bo2,,,,,,,,,,,,
miss credit,,,,,,,,,,,,
miss doc,,,,,,,,,,,,
miss doctober,,,,,,,,,,,,
miss game,,,,,,,,,,,,
miss intro,,,,,,,,,,,,
miss link,,,,,,,,,,,,
miss lol,,,,,,,,,,,,
miss lul,,,,,,,,,,,,
miss old,,,,,,,,,,,,
miss person,,,,,,,,,,,,
miss poster,,,,,,,,,,,,
miss sub,,,,,,,,,,,,
missin person,,,,,,,,,,,,
missing alex,,,,,,,,,,,,
missing poster,,,,,,,,,,,,
mistaken stop,,,,,,,,,,,,
mod acknowledge,,,,,,,,,,,,
model stop,,,,,,,,,,,,
modem crew,,,,,,,,,,,,
modern brofare,,,,,,,,,,,,
momentum like,,,,,,,,,,,,
momentum today,,,,,,,,,,,,
mommy bowl,,,,,,,,,,,,
mon _warcry,,,,,,,,,,,,
monday lol,,,,,,,,,,,,
monday morning,,,,,,,,,,,,
money doc,,,,,,,,,,,,
money donate,,,,,,,,,,,,
money stranger,,,,,,,,,,,,
monka alex,,,,,,,,,,,,
moon 2024,,,,,,,,,,,,
mornin champs,,,,,,,,,,,,
morning cc,,,,,,,,,,,,
morning cup,,,,,,,,,,,,
morning raaaauuulll,,,,,,,,,,,,
mortal kombat,,,,,,,,,,,,
mountaineer room,,,,,,,,,,,,
mouse combo,,,,,,,,,,,,
mouse keyboard,,,,,,,,,,,,
movie level,,,,,,,,,,,,
movie trailer,,,,,,,,,,,,
mr consistent,,,,,,,,,,,,
mr disrespect,,,,,,,,,,,,
mr dr,,,,,,,,,,,,
mr sulu,,,,,,,,,,,,
mrs _mrs,,,,,,,,,,,,
mrs _pumpkin,,,,,,,,,,,,
msi 3080,,,,,,,,,,,,
msmc kn,,,,,,,,,,,,
mtn dew,,,,,,,,,,,,
mucha suerteeee,,,,,,,,,,,,
music awesome,,,,,,,,,,,,
music dr,,,,,,,,,,,,
music heart,,,,,,,,,,,,
music hyped,,,,,,,,,,,,
music industries,,,,,,,,,,,,
music kudo,,,,,,,,,,,,
music legendary,,,,,,,,,,,,
music light,,,,,,,,,,,,
music play,,,,,,,,,,,,
music slappsss,,,,,,,,,,,,
music smoke,,,,,,,,,,,,
music soo,,,,,,,,,,,,
music tho,,,,,,,,,,,,
mustache look,,,,,,,,,,,,
mustache rides,,,,,,,,,,,,
myth legend,,,,,,,,,,,,
nah whiskey,,,,,,,,,,,,
nahhhh bruh,,,,,,,,,,,,
nai golemiq,,,,,,,,,,,,
nam game,,,,,,,,,,,,
nan kk,,,,,,,,,,,,
nana _nana,,,,,,,,,,,,
nana nana,,,,,,,,,,,,
nana yaya,,,,,,,,,,,,
navidaaad dooooc,,,,,,,,,,,,
navidad doc,,,,,,,,,,,,
nda _nda,,,,,,,,,,,,
need alex,,,,,,,,,,,,
need broom,,,,,,,,,,,,
need cash,,,,,,,,,,,,
need cc,,,,,,,,,,,,
need click,,,,,,,,,,,,
need different,,,,,,,,,,,,
need disrespectful,,,,,,,,,,,,
need doc,,,,,,,,,,,,
need dono,,,,,,,,,,,,
need epic,,,,,,,,,,,,
need h3,,,,,,,,,,,,
need help,,,,,,,,,,,,
need karate,,,,,,,,,,,,
need man,,,,,,,,,,,,
need match,,,,,,,,,,,,
need money,,,,,,,,,,,,
need pay,,,,,,,,,,,,
need push,,,,,,,,,,,,
need rain,,,,,,,,,,,,
need raulllll,,,,,,,,,,,,
need real,,,,,,,,,,,,
need remaster,,,,,,,,,,,,
need shave,,,,,,,,,,,,
need snack,,,,,,,,,,,,
need tidy,,,,,,,,,,,,
need utility,,,,,,,,,,,,
need vsm,,,,,,,,,,,,
neve let,,,,,,,,,,,,
new amd,,,,,,,,,,,,
new bathroom,,,,,,,,,,,,
new car,,,,,,,,,,,,
new cc,,,,,,,,,,,,
new dr,,,,,,,,,,,,
new fish,,,,,,,,,,,,
new fishes,,,,,,,,,,,,
new garage,,,,,,,,,,,,
new goal,,,,,,,,,,,,
new gpus,,,,,,,,,,,,
new greenscreeen,,,,,,,,,,,,
new member,,,,,,,,,,,,
new mic,,,,,,,,,,,,
new new,,,,,,,,,,,,
new paint,,,,,,,,,,,,
new parking,,,,,,,,,,,,
new place,,,,,,,,,,,,
new scene,,,,,,,,,,,,
new song,,,,,,,,,,,,
new trailer,,,,,,,,,,,,
new transition,,,,,,,,,,,,
news chance,,,,,,,,,,,,
ni er,-0.20000000000000007,0.704,1.0,0.0,-0.20000000000000007,0.704,-0.20000000000000007,0.704,-0.20000000000000007,0.704,-0.20000000000000007,0.704
nice 100,,,,,,,,,,,,
nice car,,,,,,,,,,,,
nice chat,,,,,,,,,,,,
nice doc,,,,,,,,,,,,
nice employee,,,,,,,,,,,,
nice lamborgini,,,,,,,,,,,,
nice lift,,,,,,,,,,,,
nice meet,,,,,,,,,,,,
nice music,,,,,,,,,,,,
nice nod,,,,,,,,,,,,
nick _bangs,,,,,,,,,,,,
nick gurrrrrrrr,,,,,,,,,,,,
night bot,,,,,,,,,,,,
night late,,,,,,,,,,,,
nightbot _giggle,,,,,,,,,,,,
nightbot ban,,,,,,,,,,,,
nightmare docstreet,,,,,,,,,,,,
nod break,,,,,,,,,,,,
noice dr,,,,,,,,,,,,
non cc,,,,,,,,,,,,
non members,0.632455532033676,0.1778078083562211,-0.316227766016838,0.5414697392755848,-0.316227766016838,0.5414697392755848,-0.316227766016838,0.5414697392755848,0.632455532033676,0.1778078083562211,-0.316227766016838,0.5414697392755848
noo doc,,,,,,,,,,,,
noobs infront,1.0,0.0,-0.20000000000000007,0.704,-0.20000000000000007,0.704,-0.20000000000000007,0.704,-0.20000000000000007,0.704,-0.20000000000000007,0.704
noooo doc,,,,,,,,,,,,
nooooo doccc,,,,,,,,,,,,
nooooo like,,,,,,,,,,,,
noooooo doc,,,,,,,,,,,,
noooooo stonemountain,,,,,,,,,,,,
nosedrip ez,,,,,,,,,,,,
notice sensei,,,,,,,,,,,,
notice talk,,,,,,,,,,,,
notification youtube,,,,,,,,,,,,
notify late,,,,,,,,,,,,
nuketown legendary,,,,,,,,,,,,
number chart,,,,,,,,,,,,
number jumped,,,,,,,,,,,,
number mark,,,,,,,,,,,,
offer alex,,,,,,,,,,,,
official controller,,,,,,,,,,,,
official energy,,,,,,,,,,,,
og black,,,,,,,,,,,,
oh alex,,,,,,,,,,,,
oh baby,,,,,,,,,,,,
oh boy,,,,,,,,,,,,
oh command,,,,,,,,,,,,
oh dead,,,,,,,,,,,,
oh doc,,,,,,,,,,,,
oh godmother,,,,,,,,,,,,
oh man,,,,,,,,,,,,
oh member,,,,,,,,,,,,
oh myyyyyyyy,,,,,,,,,,,,
oh nooo,,,,,,,,,,,,
oh schedule,,,,,,,,,,,,
oh sheet,,,,,,,,,,,,
oh shoot,,,,,,,,,,,,
oh snap,,,,,,,,,,,,
oh ya,,,,,,,,,,,,
oh yaya,,,,,,,,,,,,
oh yayayayayaya,,,,,,,,,,,,
oh yea,,,,,,,,,,,,
oh yeaaa,,,,,,,,,,,,
oh yeah,,,,,,,,,,,,
oh yuhhhh,,,,,,,,,,,,
ohh baby,,,,,,,,,,,,
ohhh babbybybbyybyby,,,,,,,,,,,,
ohhh baby,,,,,,,,,,,,
ohhh yeaahhh,,,,,,,,,,,,
ohhhh babbbbyyyy,,,,,,,,,,,,
ohhhhh baybe,,,,,,,,,,,,
ohhhhh yeah,,,,,,,,,,,,
ohhhhhhhhhhhhhhhh baby,,,,,,,,,,,,
ok boomer,,,,,,,,,,,,
ok doc,,,,,,,,,,,,
ok ok,,,,,,,,,,,,
okay dr,,,,,,,,,,,,
oklahoma homie,,,,,,,,,,,,
old baby,,,,,,,,,,,,
old black,,,,,,,,,,,,
old bo1,,,,,,,,,,,,
old bo2,,,,,,,,,,,,
old button,,,,,,,,,,,,
old cod,,,,,,,,,,,,
old hahahaha,,,,,,,,,,,,
olives matter,,,,,,,,,,,,
online lol,,,,,,,,,,,,
onnnnnnnnnn warcry,,,,,,,,,,,,
ooh baby,,,,,,,,,,,,
oooh baby,,,,,,,,,,,,
oooooh baby,,,,,,,,,,,,
oops oop,,,,,,,,,,,,
oops oops,,,,,,,,,,,,
oops stop,,,,,,,,,,,,
op baby,,,,,,,,,,,,
op beta,,,,,,,,,,,,
op boy,,,,,,,,,,,,
op cold,,,,,,,,,,,,
op correctly,,,,,,,,,,,,
op doc,,,,,,,,,,,,
op feel,,,,,,,,,,,,
op gamer,,,,,,,,,,,,
op like,,,,,,,,,,,,
op wat,,,,,,,,,,,,
op yaya,,,,,,,,,,,,
op yayayayayayayayyaya,,,,,,,,,,,,
op yoooo,,,,,,,,,,,,
open arena,,,,,,,,,,,,
open box,,,,,,,,,,,,
open champion,,,,,,,,,,,,
open chat,,,,,,,,,,,,
open public,,,,,,,,,,,,
open stream,,,,,,,,,,,,
open today,,,,,,,,,,,,
operations poor,,,,,,,,,,,,
opinion warzone,,,,,,,,,,,,
ops 10000x,,,,,,,,,,,,
ops 222222,,,,,,,,,,,,
ops awesome,,,,,,,,,,,,
ops baby,,,,,,,,,,,,
ops beta,,,,,,,,,,,,
ops cold,,,,,,,,,,,,
ops doooooooooooc,,,,,,,,,,,,
ops good,,,,,,,,,,,,
ops ii,,,,,,,,,,,,
ops jam,,,,,,,,,,,,
ops let,,,,,,,,,,,,
ops modern,,,,,,,,,,,,
ops outta,,,,,,,,,,,,
ops plutonium,,,,,,,,,,,,
ops pog,,,,,,,,,,,,
ops pogu,,,,,,,,,,,,
ops real,,,,,,,,,,,,
ops way,,,,,,,,,,,,
ops waz,,,,,,,,,,,,
org drdisrespect,,,,,,,,,,,,
organization care,,,,,,,,,,,,
outfit rogue,,,,,,,,,,,,
outside arena,,,,,,,,,,,,
outta doc,,,,,,,,,,,,
outta mind,,,,,,,,,,,,
outta town,,,,,,,,,,,,
overlay pack,,,,,,,,,,,,
owens 21,,,,,,,,,,,,
owens _better,,,,,,,,,,,,
owens chat,,,,,,,,,,,,
owens drop,,,,,,,,,,,,
owens goat,,,,,,,,,,,,
owens happy,,,,,,,,,,,,
owens love,,,,,,,,,,,,
owens man,,,,,,,,,,,,
owens miss,,,,,,,,,,,,
owens politic,,,,,,,,,,,,
owens seriously,1.0,0.0,-0.20000000000000007,0.704,-0.20000000000000007,0.704,-0.20000000000000007,0.704,-0.20000000000000007,0.704,-0.20000000000000007,0.704
owens stop,,,,,,,,,,,,
owens super,,,,,,,,,,,,
owens ya,,,,,,,,,,,,
pa nan,,,,,,,,,,,,
pack droppin,,,,,,,,,,,,
page 33,,,,,,,,,,,,
pages dr,,,,,,,,,,,,
pain doctober,,,,,,,,,,,,
paint dr,,,,,,,,,,,,
paint job,,,,,,,,,,,,
paint lambo,,,,,,,,,,,,
pakistan house,,,,,,,,,,,,
panic diarrhea,,,,,,,,,,,,
park shoot,,,,,,,,,,,,
parking block,,,,,,,,,,,,
parking garage,,,,,,,,,,,,
parking spacd,,,,,,,,,,,,
parking structure,,,,,,,,,,,,
party alex,,,,,,,,,,,,
pas blunt,,,,,,,,,,,,
passion stop,,,,,,,,,,,,
patel bete,,,,,,,,,,,,
pay elevator,,,,,,,,,,,,
pay millionaire,,,,,,,,,,,,
pay need,,,,,,,,,,,,
pay respect,,,,,,,,,,,,
pay rip,,,,,,,,,,,,
pay rise,,,,,,,,,,,,
pay sub,,,,,,,,,,,,
pc kind,,,,,,,,,,,,
pc spec,,,,,,,,,,,,
peak dominance,,,,,,,,,,,,
peak jhony,,,,,,,,,,,,
peak johnny,,,,,,,,,,,,
peak peak,,,,,,,,,,,,
peak twice,,,,,,,,,,,,
peaking time,,,,,,,,,,,,
peek _peek,,,,,,,,,,,,
peek _punk,,,,,,,,,,,,
peek come,,,,,,,,,,,,
peek dare,,,,,,,,,,,,
peek doctober,,,,,,,,,,,,
peek jony,,,,,,,,,,,,
peek peek,,,,,,,,,,,,
peek twice,,,,,,,,,,,,
peepeepoopooo ooooohhhhh,,,,,,,,,,,,
people aghhhhhhh,,,,,,,,,,,,
people ask,,,,,,,,,,,,
people doc,,,,,,,,,,,,
people join,,,,,,,,,,,,
people know,,,,,,,,,,,,
people like,,,,,,,,,,,,
people lol,,,,,,,,,,,,
people need,,,,,,,,,,,,
people read,,,,,,,,,,,,
people say,1.0,0.0,-0.20000000000000007,0.704,-0.20000000000000007,0.704,-0.20000000000000007,0.704,-0.20000000000000007,0.704,-0.20000000000000007,0.704
people spam,,,,,,,,,,,,
people use,,,,,,,,,,,,
perfect _perfect,,,,,,,,,,,,
perfect time,,,,,,,,,,,,
perform summon,,,,,,,,,,,,
performance rtx,,,,,,,,,,,,
persian iran,,,,,,,,,,,,
person lol,,,,,,,,,,,,
peso everrrr,,,,,,,,,,,,
pewdiepie steal,,,,,,,,,,,,
phelps imagine,,,,,,,,,,,,
phone ahhhhh,,,,,,,,,,,,
phone sick,,,,,,,,,,,,
phone yayayaya,,,,,,,,,,,,
pick doc,,,,,,,,,,,,
pick phone,,,,,,,,,,,,
piece cake,,,,,,,,,,,,
pilot sport,,,,,,,,,,,,
pink life,,,,,,,,,,,,
place alhamdulilaah,,,,,,,,,,,,
place creepy,,,,,,,,,,,,
place doc,,,,,,,,,,,,
planet earth,,,,,,,,,,,,
platinum bet,,,,,,,,,,,,
play alex,,,,,,,,,,,,
play blackout,,,,,,,,,,,,
play bo,,,,,,,,,,,,
play bo2,,,,,,,,,,,,
play bury,,,,,,,,,,,,
play cod,,,,,,,,,,,,
play dragon,,,,,,,,,,,,
play duo,,,,,,,,,,,,
play duos,,,,,,,,,,,,
play duty,,,,,,,,,,,,
play elevator,,,,,,,,,,,,
play fall,,,,,,,,,,,,
play game,,,,,,,,,,,,
play halo,,,,,,,,,,,,
play hr,,,,,,,,,,,,
play mouse,,,,,,,,,,,,
play population,,,,,,,,,,,,
play pubg,,,,,,,,,,,,
play rust,,,,,,,,,,,,
play saint,,,,,,,,,,,,
play screen,,,,,,,,,,,,
play scump,,,,,,,,,,,,
play solo,,,,,,,,,,,,
play stone,,,,,,,,,,,,
play today,,,,,,,,,,,,
play tranzit,,,,,,,,,,,,
play trash,0.632455532033676,0.1778078083562211,-0.316227766016838,0.5414697392755848,-0.316227766016838,0.5414697392755848,-0.316227766016838,0.5414697392755848,0.632455532033676,0.1778078083562211,-0.316227766016838,0.5414697392755848
play warzone,,,,,,,,,,,,
play zombie,,,,,,,,,,,,
player team,,,,,,,,,,,,
playin duo,,,,,,,,,,,,
playin duoooooossssss,,,,,,,,,,,,
playin duos,,,,,,,,,,,,
playinnnnnn duoooooossss,,,,,,,,,,,,
playlist spotify,,,,,,,,,,,,
playstation baby,,,,,,,,,,,,
plenty steam,,,,,,,,,,,,
plep cc,,,,,,,,,,,,
plop pool,,,,,,,,,,,,
pls miss,,,,,,,,,,,,
pls nice,,,,,,,,,,,,
pls start,,,,,,,,,,,,
pls tell,,,,,,,,,,,,
plutonium baby,,,,,,,,,,,,
plzz react,,,,,,,,,,,,
pog champ,,,,,,,,,,,,
politic right,,,,,,,,,,,,
politics chat,,,,,,,,,,,,
ponytail grip,,,,,,,,,,,,
poo poo,,,,,,,,,,,,
pool ssa,,,,,,,,,,,,
poopin like,,,,,,,,,,,,
poor alex,,,,,,,,,,,,
poor guy,,,,,,,,,,,,
popcorn rn,,,,,,,,,,,,
por tu,,,,,,,,,,,,
pour parking,,,,,,,,,,,,
power lazerpunk,,,,,,,,,,,,
power lazypunk,,,,,,,,,,,,
powerful roccat,,,,,,,,,,,,
pr guy,,,,,,,,,,,,
precision roccat,,,,,,,,,,,,
presentation hail,,,,,,,,,,,,
press alex,,,,,,,,,,,,
press button,,,,,,,,,,,,
press new,,,,,,,,,,,,
press pay,,,,,,,,,,,,
price gg,,,,,,,,,,,,
price new,,,,,,,,,,,,
prime ad,,,,,,,,,,,,
privilege sir,,,,,,,,,,,,
problem member,,,,,,,,,,,,
production doc,,,,,,,,,,,,
production tho,,,,,,,,,,,,
production unmatched,,,,,,,,,,,,
production value,,,,,,,,,,,,
progress dawk,,,,,,,,,,,,
proof vest,,,,,,,,,,,,
prototype scopes,,,,,,,,,,,,
ps5 vs,,,,,,,,,,,,
pubg lund,,,,,,,,,,,,
pubg vs,,,,,,,,,,,,
pubg vznz,,,,,,,,,,,,
public access,,,,,,,,,,,,
public chat,0.632455532033676,0.1778078083562211,-0.316227766016838,0.5414697392755848,-0.316227766016838,0.5414697392755848,-0.316227766016838,0.5414697392755848,0.632455532033676,0.1778078083562211,-0.316227766016838,0.5414697392755848
pudge _flip,,,,,,,,,,,,
pudge _pudge,,,,,,,,,,,,
pudge _pumpkin,,,,,,,,,,,,
pudge bro,,,,,,,,,,,,
pudge bros,,,,,,,,,,,,
pudge brostuction,,,,,,,,,,,,
pudge idk,,,,,,,,,,,,
pudge yea,,,,,,,,,,,,
pui puiiii,,,,,,,,,,,,
pull groin,,,,,,,,,,,,
pump buffer1,,,,,,,,,,,,
pump hard,,,,,,,,,,,,
pump speak,,,,,,,,,,,,
pumpkin _pumpkin,,,,,,,,,,,,
punch open,,,,,,,,,,,,
punk _punk,,,,,,,,,,,,
punk push,,,,,,,,,,,,
pure content,,,,,,,,,,,,
pure success,,,,,,,,,,,,
puro doc,,,,,,,,,,,,
purple platform,,,,,,,,,,,,
push 3000,,,,,,,,,,,,
push little,,,,,,,,,,,,
push ready,,,,,,,,,,,,
pwayin duos,,,,,,,,,,,,
que le,,,,,,,,,,,,
que pasaaa,,,,,,,,,,,,
queeen richard,,,,,,,,,,,,
querer que,,,,,,,,,,,,
questionable judgement,,,,,,,,,,,,
raaaaaaouuuuuullllllll il,,,,,,,,,,,,
rack like,,,,,,,,,,,,
rack minimum,,,,,,,,,,,,
radeon 6900xt,,,,,,,,,,,,
rages hhhhhhhh,,,,,,,,,,,,
rain outside,,,,,,,,,,,,
rain windshield,,,,,,,,,,,,
raise appear,,,,,,,,,,,,
raked alex,,,,,,,,,,,,
rando oh,,,,,,,,,,,,
random clown,1.0,0.0,-0.20000000000000007,0.704,-0.20000000000000007,0.704,-0.20000000000000007,0.704,-0.20000000000000007,0.704,-0.20000000000000007,0.704
randy outta,,,,,,,,,,,,
ransom ill,,,,,,,,,,,,
ransom pay,,,,,,,,,,,,
rauuuuul gillette,,,,,,,,,,,,
rauuuuuuullllll menendez,,,,,,,,,,,,
rauuuuuuuulllllll elbowcough,,,,,,,,,,,,
reach round,,,,,,,,,,,,
react apex,,,,,,,,,,,,
reaction plzzzzzzzzzzzzzzzzz,,,,,,,,,,,,
read 2x,,,,,,,,,,,,
read black,,,,,,,,,,,,
read chat,,,,,,,,,,,,
read comment,,,,,,,,,,,,
read love,,,,,,,,,,,,
read right,,,,,,,,,,,,
read rrrraaaullllll,,,,,,,,,,,,
ready bo2,,,,,,,,,,,,
ready daddy,,,,,,,,,,,,
ready ddo,,,,,,,,,,,,
ready doc,,,,,,,,,,,,
ready dominate,,,,,,,,,,,,
ready know,,,,,,,,,,,,
ready slick,,,,,,,,,,,,
ready squad,,,,,,,,,,,,
ready vsm,,,,,,,,,,,,
ready watch,,,,,,,,,,,,
ready yea,,,,,,,,,,,,
real bullet,,,,,,,,,,,,
real chair,,,,,,,,,,,,
real doctor,,,,,,,,,,,,
real quick,,,,,,,,,,,,
real soldier,,,,,,,,,,,,
real tight,,,,,,,,,,,,
real tv,,,,,,,,,,,,
really enjoy,,,,,,,,,,,,
really matter,,,,,,,,,,,,
reaper warzone,,,,,,,,,,,,
reason team,,,,,,,,,,,,
reboot ps2,,,,,,,,,,,,
red access,,,,,,,,,,,,
red eyes,,,,,,,,,,,,
red legend,,,,,,,,,,,,
red skies,,,,,,,,,,,,
reference nice,,,,,,,,,,,,
refresh perfect,,,,,,,,,,,,
refund bro,,,,,,,,,,,,
relax alex,,,,,,,,,,,,
relax doc,,,,,,,,,,,,
rely alex,,,,,,,,,,,,
remember bo2,,,,,,,,,,,,
remind doc,,,,,,,,,,,,
require stop,,,,,,,,,,,,
res res,,,,,,,,,,,,
respect alex,,,,,,,,,,,,
respect doc,,,,,,,,,,,,
respect doctor,,,,,,,,,,,,
respect production,,,,,,,,,,,,
respect respect,,,,,,,,,,,,
respect spect,,,,,,,,,,,,
rest day,,,,,,,,,,,,
restaurant san,,,,,,,,,,,,
restock costume,,,,,,,,,,,,
retirement doc,,,,,,,,,,,,
return king,,,,,,,,,,,,
return year,,,,,,,,,,,,
reveal buy,,,,,,,,,,,,
revizia hard,,,,,,,,,,,,
rezz peck,,,,,,,,,,,,
rich steamer,,,,,,,,,,,,
richard lol,,,,,,,,,,,,
right _nosedrip,,,,,,,,,,,,
right bo2,,,,,,,,,,,,
right game,,,,,,,,,,,,
right laugh,,,,,,,,,,,,
right time,,,,,,,,,,,,
rip ale,,,,,,,,,,,,
rip alex,,,,,,,,,,,,
rip car,,,,,,,,,,,,
rip cyberpunk,,,,,,,,,,,,
rip doc,,,,,,,,,,,,
rip dr,,,,,,,,,,,,
rip joe,,,,,,,,,,,,
rip nvidia,,,,,,,,,,,,
rip twitch,,,,,,,,,,,,
ripp alex,,,,,,,,,,,,
rivera look,,,,,,,,,,,,
rn watch,,,,,,,,,,,,
robe car,,,,,,,,,,,,
robo doc,,,,,,,,,,,,
roccat doc,,,,,,,,,,,,
roccat org,,,,,,,,,,,,
roccat vulcan,,,,,,,,,,,,
rock doc,,,,,,,,,,,,
rock stop,,,,,,,,,,,,
rocket grunt,,,,,,,,,,,,
rodz comm1,,,,,,,,,,,,
rogue company,,,,,,,,,,,,
rogue map,,,,,,,,,,,,
roh miss,,,,,,,,,,,,
rolex baby,,,,,,,,,,,,
roll arcana,,,,,,,,,,,,
roll outta,,,,,,,,,,,,
room alex,,,,,,,,,,,,
room blunt,,,,,,,,,,,,
room champions,,,,,,,,,,,,
room need,,,,,,,,,,,,
room start,,,,,,,,,,,,
round champion,,,,,,,,,,,,
round dude,,,,,,,,,,,,
round fight,,,,,,,,,,,,
rp alex,,,,,,,,,,,,
rpg dungeon,,,,,,,,,,,,
rtx 3090,,,,,,,,,,,,
run away,,,,,,,,,,,,
run baby,,,,,,,,,,,,
run doc,,,,,,,,,,,,
run flabby,1.0,0.0,-0.20000000000000007,0.704,-0.20000000000000007,0.704,-0.20000000000000007,0.704,-0.20000000000000007,0.704,-0.20000000000000007,0.704
rune doc,,,,,,,,,,,,
rune roll,,,,,,,,,,,,
rust doc,,,,,,,,,,,,
rut roh,,,,,,,,,,,,
rx 6900,,,,,,,,,,,,
sahi joker,,,,,,,,,,,,
saint row,,,,,,,,,,,,
saint saint,,,,,,,,,,,,
san diego,,,,,,,,,,,,
sanitizer room,,,,,,,,,,,,
sanitizer sanitizer,,,,,,,,,,,,
sanitizer thanksdoc,,,,,,,,,,,,
save alex,,,,,,,,,,,,
say alex,,,,,,,,,,,,
say baby,,,,,,,,,,,,
say dead,,,,,,,,,,,,
say doc,,,,,,,,,,,,
say le,,,,,,,,,,,,
say let,,,,,,,,,,,,
say love,,,,,,,,,,,,
say member,1.0,0.0,-0.20000000000000007,0.704,-0.20000000000000007,0.704,-0.20000000000000007,0.704,-0.20000000000000007,0.704,-0.20000000000000007,0.704
say old,,,,,,,,,,,,
say pubg,,,,,,,,,,,,
say relax,,,,,,,,,,,,
say title,,,,,,,,,,,,
scare ahhhhhhh,,,,,,,,,,,,
scare stop,,,,,,,,,,,,
scared stop,,,,,,,,,,,,
scattle hotline,,,,,,,,,,,,
scene arena,,,,,,,,,,,,
scene doc,,,,,,,,,,,,
schedule doctor,,,,,,,,,,,,
school watch,,,,,,,,,,,,
schoool rn,,,,,,,,,,,,
schuyler amaze,,,,,,,,,,,,
scopes gps,,,,,,,,,,,,
scrambled owlette,,,,,,,,,,,,
screen arena,,,,,,,,,,,,
screen tho,,,,,,,,,,,,
scuf gaming,,,,,,,,,,,,
scufgaming com,,,,,,,,,,,,
search adrenaline,,,,,,,,,,,,
search party,,,,,,,,,,,,
season trailer,,,,,,,,,,,,
seat make,,,,,,,,,,,,
second tab,,,,,,,,,,,,
secret government,,,,,,,,,,,,
seep momentum,,,,,,,,,,,,
self drive,,,,,,,,,,,,
selig yo,,,,,,,,,,,,
sell lot,,,,,,,,,,,,
send 200,,,,,,,,,,,,
series goate,,,,,,,,,,,,
seriously want,1.0,0.0,-0.20000000000000007,0.704,-0.20000000000000007,0.704,-0.20000000000000007,0.704,-0.20000000000000007,0.704,-0.20000000000000007,0.704
serve drink,,,,,,,,,,,,
set docc,,,,,,,,,,,,
set fall,,,,,,,,,,,,
shaddup ben,,,,,,,,,,,,
share stream,,,,,,,,,,,,
shave intro,,,,,,,,,,,,
shiny head,,,,,,,,,,,,
shiny new,,,,,,,,,,,,
shoot 3k,,,,,,,,,,,,
shoot 5k,,,,,,,,,,,,
shoot alex,,,,,,,,,,,,
shouldmake fvm,,,,,,,,,,,,
shout cc,,,,,,,,,,,,
shout love,,,,,,,,,,,,
shroud alex,,,,,,,,,,,,
si va,,,,,,,,,,,,
sick _warcry,,,,,,,,,,,,
sick beat,,,,,,,,,,,,
sick fine,,,,,,,,,,,,
sick glass,,,,,,,,,,,,
sick watch,,,,,,,,,,,,
sidrespect play,,,,,,,,,,,,
siema kto,,,,,,,,,,,,
siiinggg itttttt,,,,,,,,,,,,
simply good,,,,,,,,,,,,
simply man,,,,,,,,,,,,
simps love,,,,,,,,,,,,
sing doc,,,,,,,,,,,,
sing sing,,,,,,,,,,,,
singe red,,,,,,,,,,,,
singlehandedly deadlife,,,,,,,,,,,,
sir big,,,,,,,,,,,,
sit right,,,,,,,,,,,,
skies online,,,,,,,,,,,,
skip leg,,,,,,,,,,,,
skippin leg,,,,,,,,,,,,
skr skr,,,,,,,,,,,,
slab new,,,,,,,,,,,,
slate black,,,,,,,,,,,,
slaughter doc,,,,,,,,,,,,
slice doc,,,,,,,,,,,,
slice mrs,,,,,,,,,,,,
slice nightbot,,,,,,,,,,,,
slick attack,,,,,,,,,,,,
slick daddy,,,,,,,,,,,,
smart fast,,,,,,,,,,,,
smash bros,,,,,,,,,,,,
smash like,,,,,,,,,,,,
smash today,,,,,,,,,,,,
smith oops,,,,,,,,,,,,
smoke joint,,,,,,,,,,,,
smoke lol,,,,,,,,,,,,
smoke relax,,,,,,,,,,,,
smoky lol,,,,,,,,,,,,
smooth tunez,,,,,,,,,,,,
smoove baby,,,,,,,,,,,,
snap _buffer2,,,,,,,,,,,,
snap eat,,,,,,,,,,,,
snap noo,,,,,,,,,,,,
sneak peek,,,,,,,,,,,,
snicker thank,,,,,,,,,,,,
snipe 360,,,,,,,,,,,,
snooze _snooze,,,,,,,,,,,,
snooze come,,,,,,,,,,,,
sodimise new,,,,,,,,,,,,
solid gold,,,,,,,,,,,,
solo doc,,,,,,,,,,,,
somebody need,,,,,,,,,,,,
son snake,,,,,,,,,,,,
song alert,,,,,,,,,,,,
song anybody,,,,,,,,,,,,
song bumpin,,,,,,,,,,,,
song champions,,,,,,,,,,,,
song dance,,,,,,,,,,,,
song daniel,,,,,,,,,,,,
song darude,,,,,,,,,,,,
song deadlife,,,,,,,,,,,,
song destroy,,,,,,,,,,,,
song drop,,,,,,,,,,,,
song hear,,,,,,,,,,,,
song lazerpunk,,,,,,,,,,,,
song play,,,,,,,,,,,,
song slap,,,,,,,,,,,,
song slappppppps,,,,,,,,,,,,
song tat,,,,,,,,,,,,
song territory,,,,,,,,,,,,
song vendetta,,,,,,,,,,,,
song wice,,,,,,,,,,,,
song zombie,,,,,,,,,,,,
soo hype,,,,,,,,,,,,
soon alex,,,,,,,,,,,,
soon nightmare,,,,,,,,,,,,
soon pay,,,,,,,,,,,,
soon possible,,,,,,,,,,,,
sooo proud,,,,,,,,,,,,
sooooo scawry,,,,,,,,,,,,
soooooo alex,,,,,,,,,,,,
sorry lol,,,,,,,,,,,,
sound boyyy,,,,,,,,,,,,
sound like,,,,,,,,,,,,
sound looooow,,,,,,,,,,,,
spacd builttt,,,,,,,,,,,,
spam caps,,,,,,,,,,,,
spam cool,,,,,,,,,,,,
spamme cap,,,,,,,,,,,,
spamme clown,,,,,,,,,,,,
spamme pleb,1.0,0.0,-0.20000000000000007,0.704,-0.20000000000000007,0.704,-0.20000000000000007,0.704,-0.20000000000000007,0.704,-0.20000000000000007,0.704
spamme symbol,,,,,,,,,,,,
speak doc,,,,,,,,,,,,
speak friend,,,,,,,,,,,,
spec pc,,,,,,,,,,,,
special suprise,,,,,,,,,,,,
spect spect,,,,,,,,,,,,
speed momentum,,,,,,,,,,,,
speed mr,,,,,,,,,,,,
speed violence,,,,,,,,,,,,
spidder mane,,,,,,,,,,,,
spit _spit,,,,,,,,,,,,
spooky _handshake,,,,,,,,,,,,
spotify youtube,,,,,,,,,,,,
sprint locker,,,,,,,,,,,,
squad win,,,,,,,,,,,,
sri lanka,,,,,,,,,,,,
ss gooooo,,,,,,,,,,,,
stage stop,,,,,,,,,,,,
stand alex,,,,,,,,,,,,
stand sittem,,,,,,,,,,,,
star citizen,,,,,,,,,,,,
start bois,,,,,,,,,,,,
start brooo,,,,,,,,,,,,
start bug,,,,,,,,,,,,
start countdown,,,,,,,,,,,,
start game,,,,,,,,,,,,
start play,0.632455532033676,0.1778078083562211,-0.316227766016838,0.5414697392755848,-0.316227766016838,0.5414697392755848,-0.316227766016838,0.5414697392755848,0.632455532033676,0.1778078083562211,-0.316227766016838,0.5414697392755848
start playin,,,,,,,,,,,,
start rack,,,,,,,,,,,,
start rage,,,,,,,,,,,,
start run,1.0,0.0,-0.20000000000000007,0.704,-0.20000000000000007,0.704,-0.20000000000000007,0.704,-0.20000000000000007,0.704,-0.20000000000000007,0.704
start school,,,,,,,,,,,,
start stream,,,,,,,,,,,,
start think,,,,,,,,,,,,
start um,1.0,0.0,-0.20000000000000007,0.704,-0.20000000000000007,0.704,-0.20000000000000007,0.704,-0.20000000000000007,0.704,-0.20000000000000007,0.704
start win,,,,,,,,,,,,
start work,,,,,,,,,,,,
starting screen,,,,,,,,,,,,
starts rage,,,,,,,,,,,,
state art,,,,,,,,,,,,
state locker,,,,,,,,,,,,
stay strapped,,,,,,,,,,,,
stayhome yt,,,,,,,,,,,,
steal alex,,,,,,,,,,,,
steal fuel,,,,,,,,,,,,
steal lambo,,,,,,,,,,,,
steering wheel,,,,,,,,,,,,
step turn,,,,,,,,,,,,
stick cerebellum,,,,,,,,,,,,
stick day,,,,,,,,,,,,
stick tower,,,,,,,,,,,,
stink gooo,,,,,,,,,,,,
stone baby,,,,,,,,,,,,
stone welcome,,,,,,,,,,,,
stop listen,,,,,,,,,,,,
stop play,,,,,,,,,,,,
stop rightbthere,,,,,,,,,,,,
stop say,,,,,,,,,,,,
stop slack,,,,,,,,,,,,
stop spamme,,,,,,,,,,,,
stores page,,,,,,,,,,,,
stranger clout,,,,,,,,,,,,
stream doc,,,,,,,,,,,,
stream flip,,,,,,,,,,,,
stream hour,,,,,,,,,,,,
stream lol,,,,,,,,,,,,
stream love,,,,,,,,,,,,
stream shower,,,,,,,,,,,,
stream sniper,,,,,,,,,,,,
stream start,,,,,,,,,,,,
stream time,,,,,,,,,,,,
stream twitch,,,,,,,,,,,,
stream watch,,,,,,,,,,,,
stream yayaya,,,,,,,,,,,,
streamer century,,,,,,,,,,,,
streamer love,,,,,,,,,,,,
streamer time,,,,,,,,,,,,
streamer year,,,,,,,,,,,,
streaming ggoat,,,,,,,,,,,,
streamlabs com,,,,,,,,,,,,
street buffer1,,,,,,,,,,,,
stremer want,,,,,,,,,,,,
stretch want,,,,,,,,,,,,
strike game,,,,,,,,,,,,
structure doc,,,,,,,,,,,,
stuwart say,,,,,,,,,,,,
sub badge,,,,,,,,,,,,
sub honestly,,,,,,,,,,,,
sub jagerbombomb,,,,,,,,,,,,
submission pls,,,,,,,,,,,,
suboptimal stop,,,,,,,,,,,,
success doc,,,,,,,,,,,,
suerteeee doc,,,,,,,,,,,,
sulu chat,,,,,,,,,,,,
summon ritual,,,,,,,,,,,,
sup grandpa,,,,,,,,,,,,
super bum,,,,,,,,,,,,
super chat,,,,,,,,,,,,
support 2x,,,,,,,,,,,,
supporter le,,,,,,,,,,,,
suppose happen,,,,,,,,,,,,
suppose play,,,,,,,,,,,,
survive elevator,,,,,,,,,,,,
swear hear,,,,,,,,,,,,
sweat drippinnoff,,,,,,,,,,,,
sweaty sweat,,,,,,,,,,,,
sweep maybe,,,,,,,,,,,,
sweetness watch,,,,,,,,,,,,
switch blade,,,,,,,,,,,,
symbol warn,,,,,,,,,,,,
synthwave baby,,,,,,,,,,,,
tab yayaya,,,,,,,,,,,,
taking long,,,,,,,,,,,,
talk 1mil,,,,,,,,,,,,
talkin bout,,,,,,,,,,,,
tall boy,,,,,,,,,,,,
tarde cc,,,,,,,,,,,,
taste fear,,,,,,,,,,,,
taste snap,,,,,,,,,,,,
tat doc,,,,,,,,,,,,
tchat fast,,,,,,,,,,,,
teabag broooooo,,,,,,,,,,,,
team _giggle,,,,,,,,,,,,
team doc,,,,,,,,,,,,
team lose,,,,,,,,,,,,
team rando,,,,,,,,,,,,
team rocket,,,,,,,,,,,,
team vs,,,,,,,,,,,,
tear carpet,,,,,,,,,,,,
tear doc,,,,,,,,,,,,
teh time,,,,,,,,,,,,
teleprompter lol,,,,,,,,,,,,
tell apart,,,,,,,,,,,,
tell pc,,,,,,,,,,,,
territory daniel,,,,,,,,,,,,
tf alex,,,,,,,,,,,,
tf subscribe,,,,,,,,,,,,
tf want,,,,,,,,,,,,
tha doc,,,,,,,,,,,,
thank doc,,,,,,,,,,,,
thank live,,,,,,,,,,,,
thanksdoc thanksdoc,,,,,,,,,,,,
thengin tonic,,,,,,,,,,,,
thi9nk new,,,,,,,,,,,,
thing inspectd,,,,,,,,,,,,
thing old,,,,,,,,,,,,
think _think,,,,,,,,,,,,
think alex,,,,,,,,,,,,
think doc,,,,,,,,,,,,
think galil,,,,,,,,,,,,
think jump,,,,,,,,,,,,
think stop,,,,,,,,,,,,
think wash,,,,,,,,,,,,
thought cyberpunk,,,,,,,,,,,,
thought khabibs,,,,,,,,,,,,
thouht member,,,,,,,,,,,,
thousand arena,,,,,,,,,,,,
thr parking,,,,,,,,,,,,
throwback af,,,,,,,,,,,,
throwback tourney,,,,,,,,,,,,
throwback vsm,,,,,,,,,,,,
thx sell,,,,,,,,,,,,
tidy aye,,,,,,,,,,,,
tier stream,,,,,,,,,,,,
tight today,,,,,,,,,,,,
tiiiime timeeee,,,,,,,,,,,,
tiini gonic,,,,,,,,,,,,
tik tok,,,,,,,,,,,,
til starts,,,,,,,,,,,,
time _buffer2,,,,,,,,,,,,
time _dance,,,,,,,,,,,,
time acidic,,,,,,,,,,,,
time baby,,,,,,,,,,,,
time better,,,,,,,,,,,,
time blockbuster,,,,,,,,,,,,
time bo2,,,,,,,,,,,,
time carried,,,,,,,,,,,,
time cc,,,,,,,,,,,,
time champion,,,,,,,,,,,,
time cheater,,,,,,,,,,,,
time close,,,,,,,,,,,,
time day,,,,,,,,,,,,
time doc,,,,,,,,,,,,
time dominate,,,,,,,,,,,,
time firm,,,,,,,,,,,,
time johnny,,,,,,,,,,,,
time play,,,,,,,,,,,,
time save,,,,,,,,,,,,
time skull,,,,,,,,,,,,
time snap,,,,,,,,,,,,
time step,,,,,,,,,,,,
time time,,,,,,,,,,,,
time travel,,,,,,,,,,,,
time ur,,,,,,,,,,,,
time use,,,,,,,,,,,,
time vsm,,,,,,,,,,,,
time wake,,,,,,,,,,,,
time wan,,,,,,,,,,,,
time work,,,,,,,,,,,,
timer buffer1,,,,,,,,,,,,
timmy matter,,,,,,,,,,,,
timmy tender,,,,,,,,,,,,
tip toe,,,,,,,,,,,,
tippity baby,,,,,,,,,,,,
tippity half,,,,,,,,,,,,
tippy toe,,,,,,,,,,,,
tniik lkoll,,,,,,,,,,,,
today _buffer1,,,,,,,,,,,,
today _giggles,,,,,,,,,,,,
today big,,,,,,,,,,,,
today cc,,,,,,,,,,,,
today champs,,,,,,,,,,,,
today chat,,,,,,,,,,,,
today click,,,,,,,,,,,,
today daddy,,,,,,,,,,,,
today day,,,,,,,,,,,,
today doc,,,,,,,,,,,,
today enjoy,,,,,,,,,,,,
today great,,,,,,,,,,,,
today miss,,,,,,,,,,,,
today peak,,,,,,,,,,,,
today pls,,,,,,,,,,,,
today throwback,,,,,,,,,,,,
tonic baby,,,,,,,,,,,,
tonic grabed,,,,,,,,,,,,
tonic ice,,,,,,,,,,,,
tonic ready,,,,,,,,,,,,
tony team,,,,,,,,,,,,
took alex,,,,,,,,,,,,
tool alex,,,,,,,,,,,,
toooooooo school,,,,,,,,,,,,
tournament job,,,,,,,,,,,,
tournament today,,,,,,,,,,,,
tourney day,,,,,,,,,,,,
tower terror,,,,,,,,,,,,
town steal,,,,,,,,,,,,
toy lambo,,,,,,,,,,,,
toyo tire,,,,,,,,,,,,
tracking feature,,,,,,,,,,,,
trailer doc,,,,,,,,,,,,
trailer reaction,,,,,,,,,,,,
transition doc,,,,,,,,,,,,
trap doc,,,,,,,,,,,,
trash op,,,,,,,,,,,,
travel baby,,,,,,,,,,,,
trcklle ff,,,,,,,,,,,,
tread meal,,,,,,,,,,,,
tred meal,,,,,,,,,,,,
tree leave,,,,,,,,,,,,
tree oof,,,,,,,,,,,,
trickle _buffer2,,,,,,,,,,,,
trickle _yaya,,,,,,,,,,,,
trickle babys,,,,,,,,,,,,
trickle cc,,,,,,,,,,,,
trickle champion,,,,,,,,,,,,
trickle champions,,,,,,,,,,,,
trickle champs,,,,,,,,,,,,
trickle come,,,,,,,,,,,,
trickle girl,,,,,,,,,,,,
trickle inn,,,,,,,,,,,,
trickle innnnnnn,,,,,,,,,,,,
trickle lady,,,,,,,,,,,,
trickle lickle,,,,,,,,,,,,
trickle popcorn,,,,,,,,,,,,
trickle pumpkin,,,,,,,,,,,,
trickle treat,,,,,,,,,,,,
trickle trickle,,,,,,,,,,,,
trigger finger,,,,,,,,,,,,
trip doc,,,,,,,,,,,,
troop tournament,,,,,,,,,,,,
tropical strike,,,,,,,,,,,,
true audio,,,,,,,,,,,,
try ace,,,,,,,,,,,,
try help,,,,,,,,,,,,
tst 18831,,,,,,,,,,,,
tthat volume,,,,,,,,,,,,
tu gallllll,,,,,,,,,,,,
tu taim,,,,,,,,,,,,
tube free,,,,,,,,,,,,
tum pubg,,,,,,,,,,,,
tunisia tniik,,,,,,,,,,,,
turn gold,,,,,,,,,,,,
turn head,,,,,,,,,,,,
turn light,,,,,,,,,,,,
turn member,,,,,,,,,,,,
turn thing,,,,,,,,,,,,
turn tthat,,,,,,,,,,,,
turtle beach,,,,,,,,,,,,
turtlebeach com,,,,,,,,,,,,
tv tst,,,,,,,,,,,,
twitch bro,,,,,,,,,,,,
twitch dr,,,,,,,,,,,,
twitch hear,,,,,,,,,,,,
twitch miss,,,,,,,,,,,,
twitch prime,,,,,,,,,,,,
twitch remember,,,,,,,,,,,,
twitch streamer,,,,,,,,,,,,
tyler oooout,,,,,,,,,,,,
tyler took,,,,,,,,,,,,
uan questionable,,,,,,,,,,,,
uh oh,,,,,,,,,,,,
unacceptable price,,,,,,,,,,,,
underneath concrete,,,,,,,,,,,,
understand doc,,,,,,,,,,,,
uninstall facebook,,,,,,,,,,,,
uninstall today,,,,,,,,,,,,
union representation,,,,,,,,,,,,
update h3h3,,,,,,,,,,,,
update huh,,,,,,,,,,,,
upgrade true,,,,,,,,,,,,
upside alien,,,,,,,,,,,,
ur hand,,,,,,,,,,,,
ur live,,,,,,,,,,,,
ur mean,,,,,,,,,,,,
ur opinion,,,,,,,,,,,,
ur thought,,,,,,,,,,,,
ur wife,,,,,,,,,,,,
ure close,,,,,,,,,,,,
use emoji,,,,,,,,,,,,
use google,,,,,,,,,,,,
use sick,,,,,,,,,,,,
usher dead,,,,,,,,,,,,
v10 lambo,,,,,,,,,,,,
va querer,,,,,,,,,,,,
valley reference,,,,,,,,,,,,
van wieney,,,,,,,,,,,,
vanilla iceream,,,,,,,,,,,,
varsity athlete,,,,,,,,,,,,
vaseline head,,,,,,,,,,,,
vaseline right,,,,,,,,,,,,
vaseline shiny,,,,,,,,,,,,
vece yayayay,,,,,,,,,,,,
veiw twitch,,,,,,,,,,,,
vendetta wice,,,,,,,,,,,,
vertical leap,,,,,,,,,,,,
vessssmmmm neeeewwwwsssss,,,,,,,,,,,,
vice heads,,,,,,,,,,,,
video 2x,,,,,,,,,,,,
video champs,,,,,,,,,,,,
video game,,,,,,,,,,,,
video gaming,,,,,,,,,,,,
video start,1.0,0.0,-0.20000000000000007,0.704,-0.20000000000000007,0.704,-0.20000000000000007,0.704,-0.20000000000000007,0.704,-0.20000000000000007,0.704
video support,,,,,,,,,,,,
violence _buffer2,,,,,,,,,,,,
violence aggression,,,,,,,,,,,,
violence momentum,,,,,,,,,,,,
violence seep,,,,,,,,,,,,
violence speed,,,,,,,,,,,,
violence today,,,,,,,,,,,,
virtualhug virtualhug,,,,,,,,,,,,
việt nam,,,,,,,,,,,,
vms mf,,,,,,,,,,,,
voice angel,,,,,,,,,,,,
voilence speed,,,,,,,,,,,,
voluman alex,,,,,,,,,,,,
vs fortnite,,,,,,,,,,,,
vs rambo,,,,,,,,,,,,
vs squad,,,,,,,,,,,,
vs việt,,,,,,,,,,,,
vs xbox,,,,,,,,,,,,
vsm _buffer2,,,,,,,,,,,,
vsm baby,,,,,,,,,,,,
vsm blops,,,,,,,,,,,,
vsm buffer1,,,,,,,,,,,,
vsm matter,,,,,,,,,,,,
vsm new,,,,,,,,,,,,
vsm news,,,,,,,,,,,,
vsm oh,,,,,,,,,,,,
vsm overdrive,,,,,,,,,,,,
vsm tonight,,,,,,,,,,,,
vulcan keyboard,,,,,,,,,,,,
vznz hali,,,,,,,,,,,,
vznz halifax,,,,,,,,,,,,
wait black,,,,,,,,,,,,
wait bo,,,,,,,,,,,,
wait bo2,,,,,,,,,,,,
wait cyberpunk,,,,,,,,,,,,
wait doc,,,,,,,,,,,,
wait hour,,,,,,,,,,,,
wait kingrichard,,,,,,,,,,,,
wait man,,,,,,,,,,,,
wait parking,,,,,,,,,,,,
wait seee,,,,,,,,,,,,
wait stream,,,,,,,,,,,,
wait today,,,,,,,,,,,,
wait warm,,,,,,,,,,,,
wait yeah,,,,,,,,,,,,
wake alex,,,,,,,,,,,,
wake alexxxxx,,,,,,,,,,,,
wake bake,,,,,,,,,,,,
wake buffer1,,,,,,,,,,,,
wake cc,,,,,,,,,,,,
wake daybreak,,,,,,,,,,,,
wake doc,,,,,,,,,,,,
wake dude,,,,,,,,,,,,
wake early,,,,,,,,,,,,
wake fred,,,,,,,,,,,,
wake morning,,,,,,,,,,,,
wake today,,,,,,,,,,,,
wake upp,,,,,,,,,,,,
wake uppppppppppp,,,,,,,,,,,,
wake uuuup,,,,,,,,,,,,
wake uuuuppppppp,,,,,,,,,,,,
wake uuuuuup,,,,,,,,,,,,
walk doc,,,,,,,,,,,,
want argue,,,,,,,,,,,,
want bo2,,,,,,,,,,,,
want buy,,,,,,,,,,,,
want close,,,,,,,,,,,,
want fly,,,,,,,,,,,,
want fn,,,,,,,,,,,,
want member,1.0,0.0,-0.20000000000000007,0.704,-0.20000000000000007,0.704,-0.20000000000000007,0.704,-0.20000000000000007,0.704,-0.20000000000000007,0.704
want play,,,,,,,,,,,,
want pull,,,,,,,,,,,,
want reason,,,,,,,,,,,,
want robo,,,,,,,,,,,,
war buy,,,,,,,,,,,,
war comeback,,,,,,,,,,,,
war low,,,,,,,,,,,,
war say,,,,,,,,,,,,
war zombie,,,,,,,,,,,,
warcry _warcry,,,,,,,,,,,,
warcry bom,,,,,,,,,,,,
warcry huh,,,,,,,,,,,,
warcry mon,,,,,,,,,,,,
warcry raaaaaaulll,,,,,,,,,,,,
warm baby,,,,,,,,,,,,
warm blops,,,,,,,,,,,,
warm kaka,,,,,,,,,,,,
warm want,,,,,,,,,,,,
warp speed,,,,,,,,,,,,
warzone jumpscare,,,,,,,,,,,,
warzone lately,,,,,,,,,,,,
wash clothe,,,,,,,,,,,,
washhands elbowcough,,,,,,,,,,,,
washhands goodvibes,,,,,,,,,,,,
washhands washhand,,,,,,,,,,,,
washhands washhands,,,,,,,,,,,,
wasssaaaap dooooc,,,,,,,,,,,,
watch 3k,,,,,,,,,,,,
watch apex,,,,,,,,,,,,
watch doc,,,,,,,,,,,,
watch dominate,,,,,,,,,,,,
watch monday,,,,,,,,,,,,
watch squeeze,,,,,,,,,,,,
watch stick,,,,,,,,,,,,
watch stream,,,,,,,,,,,,
watch time,,,,,,,,,,,,
watch timmy,,,,,,,,,,,,
watch twitch,,,,,,,,,,,,
watch vsm,,,,,,,,,,,,
watching boii,,,,,,,,,,,,
wax lambo,,,,,,,,,,,,
way england,,,,,,,,,,,,
way important,,,,,,,,,,,,
way kick,,,,,,,,,,,,
way shut,,,,,,,,,,,,
way veiw,,,,,,,,,,,,
wayyyy echo,,,,,,,,,,,,
wayyyyyyy fast,,,,,,,,,,,,
waz da,,,,,,,,,,,,
waz goin,,,,,,,,,,,,
wazone today,,,,,,,,,,,,
wazzup champions,,,,,,,,,,,,
webb disassembly,,,,,,,,,,,,
wednesday champ,,,,,,,,,,,,
wednesday let,,,,,,,,,,,,
week strong,,,,,,,,,,,,
weight bowling,,,,,,,,,,,,
weird hand,,,,,,,,,,,,
welcome arena,,,,,,,,,,,,
welcome champions,,,,,,,,,,,,
welcome club,,,,,,,,,,,,
welcome good,,,,,,,,,,,,
welcome new,,,,,,,,,,,,
welcome slick,,,,,,,,,,,,
welcome trickle,,,,,,,,,,,,
wen play,,,,,,,,,,,,
wen yew,,,,,,,,,,,,
werr getting,,,,,,,,,,,,
whatup nat,,,,,,,,,,,,
whe live,,,,,,,,,,,,
wheel think,,,,,,,,,,,,
whhhhen doin,,,,,,,,,,,,
whiskey doc,,,,,,,,,,,,
whiskey rock,,,,,,,,,,,,
whisper awaaaaaaaay,,,,,,,,,,,,
whisper away,,,,,,,,,,,,
whoa whoa,,,,,,,,,,,,
whres alex,,,,,,,,,,,,
wht blm,,,,,,,,,,,,
wice vendetta,,,,,,,,,,,,
wide open,,,,,,,,,,,,
wieney confused,,,,,,,,,,,,
win doc,,,,,,,,,,,,
win today,,,,,,,,,,,,
win tourney,,,,,,,,,,,,
win win,,,,,,,,,,,,
window open,,,,,,,,,,,,
wish money,,,,,,,,,,,,
wjere alex,,,,,,,,,,,,
woaahh woahhh,,,,,,,,,,,,
woaw dude,,,,,,,,,,,,
wonder docs,,,,,,,,,,,,
wonder dr,,,,,,,,,,,,
wonder sneak,,,,,,,,,,,,
wonderfull evenin,,,,,,,,,,,,
woo beat,,,,,,,,,,,,
wooh start,,,,,,,,,,,,
wooooooo clean,,,,,,,,,,,,
word wassuppp,,,,,,,,,,,,
work _buffer1,,,,,,,,,,,,
work bro,,,,,,,,,,,,
work cut,,,,,,,,,,,,
work doc,,,,,,,,,,,,
work glute,,,,,,,,,,,,
work like,,,,,,,,,,,,
work streamer,,,,,,,,,,,,
work watch,,,,,,,,,,,,
workk mann,,,,,,,,,,,,
workout time,,,,,,,,,,,,
world lol,,,,,,,,,,,,
world make,,,,,,,,,,,,
world maybe,,,,,,,,,,,,
worry mind,,,,,,,,,,,,
wort stream,,,,,,,,,,,,
wow 2x,,,,,,,,,,,,
wow bhaiyaa,,,,,,,,,,,,
wow bo2,,,,,,,,,,,,
wow man,,,,,,,,,,,,
wow mighty,,,,,,,,,,,,
wow nice,,,,,,,,,,,,
wow wow,,,,,,,,,,,,
wrap snap,,,,,,,,,,,,
wrinkle floor,,,,,,,,,,,,
wut brother,,,,,,,,,,,,
wut doc,,,,,,,,,,,,
wut dr,,,,,,,,,,,,
www amazon,,,,,,,,,,,,
www turtlebeach,,,,,,,,,,,,
xbox serie,,,,,,,,,,,,
xbox series,,,,,,,,,,,,
xt doc,,,,,,,,,,,,
ya baby,,,,,,,,,,,,
ya doc,,,,,,,,,,,,
ya elbowcough,,,,,,,,,,,,
ya firm,,,,,,,,,,,,
ya hack,,,,,,,,,,,,
ya oh,,,,,,,,,,,,
ya peak,,,,,,,,,,,,
ya play,,,,,,,,,,,,
ya ya,,,,,,,,,,,,
ya yaya,,,,,,,,,,,,
ya yayaya,,,,,,,,,,,,
ya yayayayaya,,,,,,,,,,,,
yaa yaa,,,,,,,,,,,,
yaaaaaaaaaa member,,,,,,,,,,,,
yah baby,,,,,,,,,,,,
yahh yahh,,,,,,,,,,,,
yaw alex,,,,,,,,,,,,
yaya _yaya,,,,,,,,,,,,
yaya doc,,,,,,,,,,,,
yaya yayayayaya,,,,,,,,,,,,
yayaaaaa let,,,,,,,,,,,,
yayaya ready,,,,,,,,,,,,
yayaya vsm,,,,,,,,,,,,
yayaya yayayaya,,,,,,,,,,,,
yayayaya click,,,,,,,,,,,,
yayayaya love,,,,,,,,,,,,
yayayaya new,,,,,,,,,,,,
yayayaya yayayaya,,,,,,,,,,,,
yayayayaya elbowcough,,,,,,,,,,,,
yayayayaya yayayayaya,,,,,,,,,,,,
ye sye,,,,,,,,,,,,
ye ye,,,,,,,,,,,,
yea _buffer1,,,,,,,,,,,,
yea dudeeeeeeeeeeeeeeeeeeeeeeeeeeeeee,,,,,,,,,,,,
yea ready,,,,,,,,,,,,
yea spam,,,,,,,,,,,,
yea yea,,,,,,,,,,,,
yeaeeaaaaah boiiiii,,,,,,,,,,,,
yeah arena,,,,,,,,,,,,
yeah baby,,,,,,,,,,,,
yeah check,,,,,,,,,,,,
yeah hello,,,,,,,,,,,,
yeah piece,,,,,,,,,,,,
yeah ya,,,,,,,,,,,,
yeah yeah,,,,,,,,,,,,
year ago,,,,,,,,,,,,
year later,,,,,,,,,,,,
year leave,,,,,,,,,,,,
year model,,,,,,,,,,,,
year old,,,,,,,,,,,,
yes daddy,,,,,,,,,,,,
yes finally,,,,,,,,,,,,
yes public,,,,,,,,,,,,
yes read,,,,,,,,,,,,
yes song,,,,,,,,,,,,
yes wait,,,,,,,,,,,,
yes ye,,,,,,,,,,,,
yesterday doa,,,,,,,,,,,,
yew pwayin,,,,,,,,,,,,
yo alex,,,,,,,,,,,,
yo black,,,,,,,,,,,,
yo bo2,,,,,,,,,,,,
yo bout,,,,,,,,,,,,
yo doc,,,,,,,,,,,,
yo incredible,,,,,,,,,,,,
yo live,,,,,,,,,,,,
yo play,,,,,,,,,,,,
yo yayayayayayayataya,,,,,,,,,,,,
yo yo,,,,,,,,,,,,
yoo legend,,,,,,,,,,,,
yoooo tho,,,,,,,,,,,,
yoooooo sickkk,,,,,,,,,,,,
yoooooooooooooooo tha,,,,,,,,,,,,
yougotthis sanitizer,,,,,,,,,,,,
yougotthis yougotthis,,,,,,,,,,,,
young enter,,,,,,,,,,,,
young jamie,,,,,,,,,,,,
youtube link,,,,,,,,,,,,
youtube notify,,,,,,,,,,,,
youtube twitch,,,,,,,,,,,,
yova rodz,,,,,,,,,,,,
ysssir bo2,,,,,,,,,,,,
yt elbowcough,,,,,,,,,,,,
yt stayhome,,,,,,,,,,,,
yt thanksdoc,,,,,,,,,,,,
yt yt,,,,,,,,,,,,
yu big,,,,,,,,,,,,
zeeeeeeeeeeeee laaaaaanaaaaaaahhh,,,,,,,,,,,,
zero doc,,,,,,,,,,,,
zero skill,,,,,,,,,,,,
zeta run,,,,,,,,,,,,
zfam champion,,,,,,,,,,,,
zipline doo,,,,,,,,,,,,
zlaner bless,,,,,,,,,,,,
zlaner slice,,,,,,,,,,,,
zlaner want,,,,,,,,,,,,
zombie alex,,,,,,,,,,,,
zombie come,,,,,,,,,,,,
zombie ride,,,,,,,,,,,,
zondag look,,,,,,,,,,,,
zzzzz baby,,,,,,,,,,,,
zzzzz better,,,,,,,,,,,,
νувє let,,,,,,,,,,,,
майн нега,,,,,,,,,,,,
салам алейкум,,,,,,,,,,,,
єтєяиαl νувє,,,,,,,,,,,,
اثبتو وجدكوم,,,,,,,,,,,,
السلام عليكم,,,,,,,,,,,,
العرب المسلمين,,,,,,,,,,,,
الله بالعرب,,,,,,,,,,,,
المسلمين اثبتو,,,,,,,,,,,,
اي حد,,,,,,,,,,,,
ایرانی کسی,,,,,,,,,,,,
بارك الله,,,,,,,,,,,,
بالعرب يلي,,,,,,,,,,,,
تو أمير,,,,,,,,,,,,
حد عربي,,,,,,,,,,,,
دیگه اسگل,,,,,,,,,,,,
سلام hi,,,,,,,,,,,,
شروع کن,,,,,,,,,,,,
عربي هنا,,,,,,,,,,,,
في العرب,,,,,,,,,,,,
من کس,,,,,,,,,,,,
مي تو,,,,,,,,,,,,
هنا يا,,,,,,,,,,,,
وجدكوم elbowcough,,,,,,,,,,,,
وعليكم السلام,,,,,,,,,,,,
يا جماعه,,,,,,,,,,,,
يحبون الدكتور,,,,,,,,,,,,
يلي يحبون,,,,,,,,,,,,
پرجم بالاست,,,,,,,,,,,,
کس میخوام,,,,,,,,,,,,
کسی هست,,,,,,,,,,,,
کن دیگه,,,,,,,,,,,,
❶は1 ❶❶1,,,,,,,,,,,,
